Student_ID,Admission_Channel,Secondary_School,Exam,Math_Background,MATH1510,ENGG1130,MATH1010,ENGG1120,ENGG2020
627,JUPAS,CHAN SUI KI (LA SALLE) COLLEGE,HKDSE,HKDSE:5*,A-,A-,B-,B-,
882,JUPAS,CHRISTIAN ALLIANCE CHENG WING GEE COLL,HKDSE,HKDSE:4,D,F,B-,B+,
801,JUPAS,MA ON SHAN TSUNG TSIN SECONDARY SCHOOL,HKDSE,HKDSE:5*,B-,B,C,C+,
1087,Mainland Fee-paying,Others,Mainland Gaokao (JEE),Mainland Gaokao (JEE):<110,B-,B,B-,C+,
224,JUPAS,ELEGANTIA COLLEGE (SPONSORED BY ED CONV),HKDSE,HKDSE:5*,B-,F,B-,B-,
240,JUPAS,SKH BISHOP MOK SAU TSENG SEC SCH,HKDSE,HKDSE:5*,A-,A-,B-,B+,
911,JUPAS,Others,HKDSE,HKDSE:5**,A,A,B-,B+,
917,JUPAS,DIOCESAN BOYS SCHOOL,HKDSE,HKDSE:4,D,B-,B,B+,
624,Mainland,Others,Mainland Gaokao (JEE),Mainland Gaokao (JEE):120-129,A-,A,B,A,
724,JUPAS,SING YIN SECONDARY SCHOOL,HKDSE,HKDSE:4,B,B,B-,B+,
546,JUPAS,KWUN TONG MARYKNOLL COLLEGE,HKDSE,HKDSE:5*,A,A,B,B+,
410,Mainland,Others,Mainland Gaokao (JEE),Mainland Gaokao (JEE):130-139,B+,B,A-,B,
492,JUPAS,Others,HKDSE,HKDSE:5,B-,A-,B,B-,
986,JUPAS,Others,HKDSE,HKDSE:4,C+,B+,A-,B+,
1046,JUPAS,HELEN LIANG MEMORIAL SEC SCH (SHATIN),HKDSE,HKDSE:5,A-,B+,B,B,
272,JUPAS,HEUNG TO MIDDLE SCHOOL,HKDSE,HKDSE:4,B-,C-,A-,A-,
803,JUPAS,Others,HKDSE,HKDSE:4,B-,B+,B,B-,
383,JUPAS,LAI KING CATHOLIC SECONDARY SCHOOL,HKDSE,HKDSE:4,C-,B,B-,B,
881,JUPAS,YAN OI TONG TIN KA PING SECONDARY SCHOOL,HKDSE,HKDSE:4,B-,C+,B+,B,
932,JUPAS,SKH TANG SHIU KIN SECONDARY SCHOOL,HKDSE,HKDSE:4,B,B+,B-,A-,
120,Mainland,Others,Mainland Gaokao (JEE),Mainland Gaokao (JEE):120-129,A,A,A-,A,
732,JUPAS,HKSYC&IA WONG TAI SHAN MEM COLL,HKDSE,HKDSE:4,C,B,B+,B+,
474,JUPAS,SING YIN SECONDARY SCHOOL,HKDSE,HKDSE:4,B,A,B-,C-,
776,JUPAS,STFA LEUNG KAU KUI COLLEGE,HKDSE,HKDSE:5*,A,A,B-,B-,
440,JUPAS,SHA TIN GOVERNMENT SECONDARY SCHOOL,HKDSE,HKDSE:5,B-,B-,A-,A-,
914,JUPAS,PO ON COMM ASSN WONG SIU CHING SEC SCH,HKDSE,HKDSE:5,B-,B,A,A,
747,Mainland Scholarship(Tuition),Others,Mainland Gaokao (JEE),Mainland Gaokao (JEE):110-119,B-,B,A-,B-,
274,JUPAS,WA YING COLLEGE,HKDSE,HKDSE:4,C,A-,A-,B+,
494,JUPAS,STFA SEAWARD WOO COLLEGE,HKDSE,HKDSE:4,C+,C+,C,B+,
466,JUPAS,YUEN LONG PUBLIC SECONDARY SCHOOL,HKDSE,HKDSE:5,B-,C+,C-,D,
545,JUPAS,POPE PAUL VI COLLEGE,HKDSE,HKDSE:5*,A-,A-,B-,B+,
848,JUPAS,BELILIOS PUBLIC SCHOOL,HKDSE,HKDSE:5,B,B+,D+,B+,
375,JUPAS,TWGH WONG FUT NAM COLLEGE,HKDSE,HKDSE:5,B-,B+,B+,B+,
182,JUPAS,TSUEN WAN GOVERNMENT SECONDARY SCHOOL,HKDSE,HKDSE:5*,B-,D,A-,A-,
965,JUPAS,CCC KEI TO SEC SCH,HKDSE,HKDSE:5,D+,B-,B-,C,
920,JUPAS,STFA TAM PAK YU COLLEGE,HKDSE,HKDSE:4,B,A-,A-,A,
405,JUPAS,YING WA GIRLS SCHOOL,HKDSE,HKDSE:4,B-,C,B+,A,
429,JUPAS Appeal-in,ST BONAVENTURE COLLEGE & HIGH SCHOOL,HKDSE,HKDSE:4,C-,B+,A-,A-,
1028,Mainland Scholarship(Tuition),Others,Mainland Gaokao (JEE),Mainland Gaokao (JEE):130-139,A,A,B-,C,
884,JUPAS,HOI PING CHAMBER OF COMMERCE SEC SCH,HKDSE,HKDSE:5,C,F,B-,B+,
993,Mainland Fee-paying,Others,Mainland Gaokao (JEE),Mainland Gaokao (JEE):120-129,A,A-,A,A-,
886,JUPAS,CHRISTIAN ALLIANCE S C CHAN MEM COLL,HKDSE,HKDSE:4,C+,C+,B-,B,
413,JUPAS,Others,HKDSE,HKDSE:5,D,A,B-,B+,
1010,JUPAS,SHUN LEE CATHOLIC SECONDARY SCHOOL,HKDSE,HKDSE:5,B-,B+,C+,B-,
754,JUPAS,SHATIN TSUNG TSIN SECONDARY SCHOOL,HKDSE,HKDSE:4,C+,B-,C+,B-,
418,JUPAS,HOMANTIN GOVERNMENT SECONDARY SCHOOL,HKDSE,HKDSE:5,B+,A-,B-,A-,
101,JUPAS,CHRISTIAN ALLIANCE S W CHAN MEM COLL,HKDSE,HKDSE:5,B-,B-,D+,B-,
1048,JUPAS,PLK LO KIT SING (1983) COLLEGE,HKDSE,HKDSE:5,D,D+,A-,A,
455,JUPAS,CHINESE YMCA SECONDARY SCHOOL,HKDSE,HKDSE:5**,A-,B+,A-,A,
574,JUPAS,TAK NGA SECONDARY SCHOOL,HKDSE,HKDSE:5,C+,B+,A-,A,
132,Mainland,Others,Mainland Gaokao (JEE),Mainland Gaokao (JEE):130-139,A,A,A,A-,
728,JUPAS,HKMA K S LO COLLEGE,HKDSE,HKDSE:5*,B+,A-,B-,A,
906,JUPAS,ST LOUIS SCHOOL,HKDSE,HKDSE:5,C+,A-,B,B,
790,JUPAS,TWGH WONG FUT NAM COLLEGE,HKDSE,HKDSE:5,C-,B+,B-,B-,
988,JUPAS,TAK SUN SECONDARY SCHOOL,HKDSE,HKDSE:5,B,B+,D+,B,
232,JUPAS,STFA YUNG YAU COLLEGE,HKDSE,HKDSE:5,D,D+,A,B,
462,Mainland,Others,Mainland Gaokao (JEE),Mainland Gaokao (JEE):120-129,A,A,D+,B,
943,JUPAS,Others,HKDSE,HKDSE:5*,A-,A,B,A-,
912,JUPAS,COGNITIO COLLEGE (HONG KONG),HKDSE,HKDSE:4,C,B,B,A-,
898,JUPAS,SKH LAM KAU MOW SECONDARY SCHOOL,HKDSE,HKDSE:4,C+,B-,B-,B,
854,Mainland Fee-paying,Others,Mainland Gaokao (JEE),Mainland Gaokao (JEE):130-139,B,B+,C+,B+,
662,JUPAS,Others,HKDSE,HKDSE:4,B,B,A-,A,
926,Mainland Fee-paying,Others,Mainland Gaokao (JEE),Mainland Gaokao (JEE):>140,B-,B,A-,A-,
739,JUPAS,Others,HKDSE,HKDSE:4,C-,C,B,A-,
1051,JUPAS,TSUEN WAN PUB HO CHUEN YIU MEMORIAL COLL,HKDSE,HKDSE:5*,A-,A-,A-,A,
787,Mainland Fee-paying,Others,Mainland Gaokao (JEE),Mainland Gaokao (JEE):110-119,A-,B+,C,B,
1014,JUPAS,STFA YUNG YAU COLLEGE,HKDSE,HKDSE:4,D,C,A-,A-,
510,JUPAS,Others,HKDSE,HKDSE:5,B,B+,D+,C+,
731,JUPAS,POH 80TH ANNIVERSARY TANG YING HEI COLL,HKDSE,HKDSE:4,B+,A,C-,C,
265,Mainland,Others,Mainland Gaokao (JEE),Mainland Gaokao (JEE):130-139,A,B-,A,B+,
541,JUPAS,KING LING COLLEGE,HKDSE,HKDSE:5,D,F,B-,B,
876,JUPAS,CLEMENTI SECONDARY SCHOOL,HKDSE,HKDSE:4,C-,C,A-,B+,
542,JUPAS,NING PO NO.2 COLLEGE,HKDSE,HKDSE:5,B+,B,B+,A,
925,JUPAS,CNEC LEE I YAO MEMORIAL SECONDARY SCHOOL,HKDSE,HKDSE:4,D,B,B+,B+,
855,Mainland Fee-paying,Others,Mainland Gaokao (JEE),Mainland Gaokao (JEE):>140,B,A,C+,F,
213,JUPAS,SING YIN SECONDARY SCHOOL,HKDSE,HKDSE:5,A-,A-,D,C+,
589,JUPAS,HEEP YUNN SCHOOL,HKDSE,HKDSE:5,C+,B,A,B+,
559,JUPAS,SKH LAM WOO MEMORIAL SECONDARY SCHOOL,HKDSE,HKDSE:5*,A-,A-,D,C,
867,Mainland Fee-paying,Others,Mainland Gaokao (JEE),Mainland Gaokao (JEE):130-139,A-,B+,C-,B+,
278,Mainland,Others,Mainland Gaokao (JEE),Mainland Gaokao (JEE):130-139,A,B+,B-,B+,
385,JUPAS,Others,HKDSE,HKDSE:5*,A-,A,B-,B,
260,Mainland,Others,Mainland Gaokao (JEE),Mainland Gaokao (JEE):130-139,A,B,B,B+,
680,JUPAS,NG YUK SECONDARY SCHOOL,HKDSE,HKDSE:4,B,B,C,B+,
987,JUPAS,HKMA K S LO COLLEGE,HKDSE,HKDSE:4,C-,B,B-,B-,
832,JUPAS,BUDDHIST SIN TAK COLLEGE,HKDSE,HKDSE:5*,B+,B+,B-,B+,
983,Mainland Fee-paying,Others,Mainland Gaokao (JEE),Mainland Gaokao (JEE):110-119,B+,A,C,A-,
212,Mainland,Others,Mainland Gaokao (JEE),Mainland Gaokao (JEE):120-129,A,A-,C+,B,
808,JUPAS,WONG SHIU CHI SECONDARY SCHOOL,HKDSE,HKDSE:5,A-,A,C,C,
454,Mainland,Others,Mainland Gaokao (JEE),Mainland Gaokao (JEE):110-119,B+,A-,C-,F,
377,Mainland,Others,Mainland Gaokao (JEE),Mainland Gaokao (JEE):>140,A-,A-,C,C+,
766,JUPAS,Others,HKDSE,HKDSE:4,B-,C+,B+,A-,
853,JUPAS,SKH LAM WOO MEMORIAL SECONDARY SCHOOL,HKDSE,HKDSE:5*,B,B,C+,B-,
564,JUPAS,Others,HKDSE,HKDSE:5,B-,B,C,B-,
740,Mainland,Others,Mainland Gaokao (JEE),Mainland Gaokao (JEE):120-129,B,A,A,B,
758,JUPAS,PUI CHING MIDDLE SCHOOL,HKDSE,HKDSE:5*,B+,B,A,A,
208,JUPAS,YWCA HIOE TJO YOENG COLLEGE,HKDSE,HKDSE:4,B-,F,B,C+,
306,Mainland,Others,Mainland Gaokao (JEE),Mainland Gaokao (JEE):>140,A-,A-,B-,C,
483,JUPAS,FANLING KAU YAN COLLEGE,HKDSE,HKDSE:5,B,B,B-,B+,
406,JUPAS,PUI KIU COLLEGE,HKDSE,HKDSE:5,B,B+,A-,A,
941,Mainland Scholarship(Tuition),Others,Mainland Gaokao (JEE),Mainland Gaokao (JEE):>140,B+,A-,C,B-,
671,JUPAS,ST FRANCIS XAVIERS COLLEGE,HKDSE,HKDSE:4,C,C+,B+,A-,
573,JUPAS,CHEUNG CHUK SHAN COLLEGE,HKDSE,HKDSE:5,B,C+,B,A-,
447,JUPAS,HKRSS TAI PO SECONDARY SCHOOL,HKDSE,HKDSE:5,C-,B-,B-,B,
1023,JUPAS,Others,HKDSE,HKDSE:4,B,C+,C,A-,
831,Mainland Scholarship(Tuition),Others,Mainland Gaokao (JEE),Mainland Gaokao (JEE):>140,B+,A,B-,C,
548,JUPAS,C&MA SUN KEI SECONDARY SCHOOL,HKDSE,HKDSE:5*,C+,B,A,A-,
909,JUPAS,EVANGEL COLLEGE,HKDSE,HKDSE:4,B-,B,B-,A-,
1022,JUPAS,HO LAP COLL (SPSD BY THE SIK SIK YUEN),HKDSE,HKDSE:5,C+,C-,B+,A-,
550,JUPAS,LAM TAI FAI COLLEGE,HKDSE,HKDSE:5*,A,A-,B,A-,
92,JUPAS,LIONS COLLEGE,HKDSE,HKDSE:4,B,C-,A-,B,
607,JUPAS,PUI CHING MIDDLE SCHOOL,HKDSE,HKDSE:5*,B-,A-,B,B+,
131,Mainland,Others,Mainland Gaokao (JEE),Mainland Gaokao (JEE):130-139,A,A,B,B,
287,Mainland,Others,Mainland Gaokao (JEE),Mainland Gaokao (JEE):>140,A,A-,D,F,
327,Mainland,Others,Mainland Gaokao (JEE),Mainland Gaokao (JEE):130-139,A,A,A-,B,
780,Mainland Fee-paying,Others,Mainland Gaokao (JEE),Mainland Gaokao (JEE):130-139,B+,A-,B,B,
830,Mainland Fee-paying,Others,Mainland Gaokao (JEE),Mainland Gaokao (JEE):<110,B+,A-,B+,A-,
1080,JUPAS,TAK OI SECONDARY SCHOOL,HKDSE,HKDSE:5,C,B+,A-,B+,
994,JUPAS,CHONG GENE HANG COLLEGE,HKDSE,HKDSE:4,B-,B+,A,A,
633,JUPAS,PLK LO KIT SING (1983) COLLEGE,HKDSE,HKDSE:5*,B-,A-,C-,B-,
903,JUPAS,METHODIST CHURCH HK WESLEY COLLEGE,HKDSE,HKDSE:5,B-,B-,B,A-,
738,JUPAS,POPE PAUL VI COLLEGE,HKDSE,HKDSE:4,C+,C+,B-,B,
968,JUPAS,CARMEL SECONDARY SCHOOL,HKDSE,HKDSE:5,B,B+,B-,C-,
749,Mainland Scholarship(Tuition),Others,Mainland Gaokao (JEE),Mainland Gaokao (JEE):120-129,B+,A-,C+,B,
313,JUPAS,GT (ELLEN YEUNG) COLLEGE,HKDSE,HKDSE:4,B,B,B,B,
610,Mainland,Others,Mainland Gaokao (JEE),Mainland Gaokao (JEE):110-119,A-,B-,B,B-,
1090,JUPAS,PENTECOSTAL LAM HON KWONG SCHOOL,HKDSE,HKDSE:5*,B-,A-,A-,A-,
10,Mainland,Others,Mainland Gaokao (JEE),Mainland Gaokao (JEE):>140,A,A,A,A-,
614,JUPAS,KING LING COLLEGE,HKDSE,HKDSE:4,B,B+,B-,B,
859,JUPAS,SING YIN SECONDARY SCHOOL,HKDSE,HKDSE:5,C,C,C,B-,
397,JUPAS,CCC CHUEN YUEN COLLEGE,HKDSE,HKDSE:5*,B,B-,D+,B,
921,JUPAS,TIN SHUI WAI GOVERNMENT SECONDARY SCHOOL,HKDSE,HKDSE:4,B,C+,C+,B+,
809,JUPAS,GOOD HOPE SCHOOL,HKDSE,HKDSE:5,B-,A,B+,A,
1020,JUPAS,CARMEL SECONDARY SCHOOL,HKDSE,HKDSE:4,D+,C+,C+,B-,
783,JUPAS,CCC MONG MAN WAI COLLEGE,HKDSE,HKDSE:4,D,F,B,B,
981,JUPAS,Others,HKDSE,HKDSE:5,B-,B,B-,C+,
647,JUPAS,FANLING KAU YAN COLLEGE,HKDSE,HKDSE:5,B-,B+,B+,B+,
934,JUPAS,VALTORTA COLLEGE,HKDSE,HKDSE:4,D,B-,B+,A,
970,JUPAS,YAN OI TONG TIN KA PING SECONDARY SCHOOL,HKDSE,HKDSE:5*,B+,A-,A,A-,
473,Mainland,Others,Mainland Gaokao (JEE),Mainland Gaokao (JEE):130-139,B-,C+,B-,C+,
227,Mainland,Others,Mainland Gaokao (JEE),Mainland Gaokao (JEE):120-129,A-,B+,C-,C-,
715,Mainland,Others,Mainland Gaokao (JEE),Mainland Gaokao (JEE):130-139,B,B+,C,B,
976,Mainland Fee-paying,Others,Mainland Gaokao (JEE),Mainland Gaokao (JEE):120-129,B-,C+,A-,A,
98,JUPAS,HK SKH BISHOP HALL SECONDARY SCHOOL,HKDSE,HKDSE:5**,B+,B+,D+,B-,
1049,JUPAS,PO LEUNG KUK NGAN PO LING COLLEGE,HKDSE,HKDSE:5,D,B-,B,F,
129,JUPAS,PUI CHING MIDDLE SCHOOL,HKDSE,HKDSE:5**,A-,A,A,A,
977,JUPAS,SHUN LEE CATHOLIC SECONDARY SCHOOL,HKDSE,HKDSE:4,B-,B+,B-,B,
964,JUPAS,Others,HKDSE,HKDSE:5*,B+,A,B,A,
918,JUPAS,CHEUNG SHA WAN CATHOLIC SECONDARY SCHOOL,HKDSE,HKDSE:4,C,C-,C,C+,
1095,Mainland Fee-paying,Others,Mainland Gaokao (JEE),Mainland Gaokao (JEE):120-129,C+,B-,A,A,
657,JUPAS,SING YIN SECONDARY SCHOOL,HKDSE,HKDSE:5,B+,B-,D,B,
897,JUPAS,SKH LAM WOO MEMORIAL SECONDARY SCHOOL,HKDSE,HKDSE:5,A-,B-,C-,C,
417,Mainland,Others,Mainland Gaokao (JEE),Mainland Gaokao (JEE):110-119,A-,A,D,A,
361,JUPAS,Others,HKDSE,HKDSE:5,C+,F,C+,C,
654,JUPAS,SING YIN SECONDARY SCHOOL,HKDSE,HKDSE:5*,B-,A-,A-,A,
314,JUPAS,Others,HKDSE,HKDSE:5,B-,B-,A,A-,
593,JUPAS,PO ON COMM ASSN WONG SIU CHING SEC SCH,HKDSE,HKDSE:4,D,B,B-,A-,
219,JUPAS,SALEM-IMMANUEL LUTHERAN COLLEGE,HKDSE,HKDSE:5*,B+,B,B-,B,
443,JUPAS,TSUEN WAN PUB HO CHUEN YIU MEMORIAL COLL,HKDSE,HKDSE:5,B+,A-,B,B+,
719,Mainland,Others,Mainland Gaokao (JEE),Mainland Gaokao (JEE):120-129,D+,A-,A,B,
927,Mainland Fee-paying,Others,Mainland Gaokao (JEE),Mainland Gaokao (JEE):<110,C+,B,B,A-,
1071,JUPAS,METHODIST CHURCH HK WESLEY COLLEGE,HKDSE,HKDSE:5,B,A-,B-,B,
727,JUPAS,SKH LUI MING CHOI SECONDARY SCHOOL,HKDSE,HKDSE:5,B,B-,A,A,
256,JUPAS,ST MARKS SCHOOL,HKDSE,HKDSE:4,C-,D,B+,B,
929,Mainland Fee-paying,Others,Mainland Gaokao (JEE),Mainland Gaokao (JEE):120-129,A-,B+,B-,A,
879,JUPAS,FANLING LUTHERAN SECONDARY SCHOOL,HKDSE,HKDSE:5*,A-,A-,C,B,
1040,JUPAS,YAN OI TONG TIN KA PING SECONDARY SCHOOL,HKDSE,HKDSE:5,A-,B,A-,B+,
307,Mainland,Others,Mainland Gaokao (JEE),Mainland Gaokao (JEE):120-129,A,B-,C+,C+,
1031,Mainland Fee-paying,Others,Mainland Gaokao (JEE),Mainland Gaokao (JEE):120-129,A-,A,C-,F,
950,Mainland Fee-paying,Others,Mainland Gaokao (JEE),Mainland Gaokao (JEE):130-139,A-,B,B,B,
1033,JUPAS,ST LOUIS SCHOOL,HKDSE,HKDSE:4,C+,B-,B,B+,
608,JUPAS,IMMACULATE HEART OF MARY COLLEGE,HKDSE,HKDSE:4,B+,B+,B,B,
865,JUPAS,TIN KA PING SECONDARY SCHOOL,HKDSE,HKDSE:5,D,D+,D,B+,
971,JUPAS,ST LOUIS SCHOOL,HKDSE,HKDSE:5,B-,A,B,A-,
833,Mainland Scholarship(Tuition),Others,Mainland Gaokao (JEE),Mainland Gaokao (JEE):130-139,B+,A,A-,A,
1072,Mainland Scholarship(Tuition),Others,Mainland Gaokao (JEE),Mainland Gaokao (JEE):120-129,B,A,A,A,
928,JUPAS,CARMEL SECONDARY SCHOOL,HKDSE,HKDSE:4,B-,B+,B+,B+,
922,JUPAS,ST FRANCIS CANOSSIAN COLLEGE,HKDSE,HKDSE:5,D+,B+,C,A,
119,JUPAS,AOG HEBRON SECONDARY SCHOOL,HKDSE,HKDSE:5,B-,A-,B+,B+,
606,JUPAS,TAK SUN SECONDARY SCHOOL,HKDSE,HKDSE:4,B-,B-,B+,A-,
269,Mainland,Others,Mainland Gaokao (JEE),Mainland Gaokao (JEE):130-139,A,A-,B-,C,
764,JUPAS,HONG KONG CHINESE WOMENS CLUB COLLEGE,HKDSE,HKDSE:4,C,B-,B+,B+,
376,Mainland,Others,Mainland Gaokao (JEE),Mainland Gaokao (JEE):130-139,B+,B+,C,C,
725,Mainland,Others,Mainland Gaokao (JEE),Mainland Gaokao (JEE):120-129,B+,A-,B-,C+,
600,JUPAS Appeal-in,ST FRANCIS XAVIERS COLLEGE,HKDSE,HKDSE:4,B,B+,D,C-,
1081,JUPAS,SHAU KEI WAN GOVERNMENT SECONDARY SCHOOL,HKDSE,HKDSE:5,D+,B,B,B+,
955,Mainland Fee-paying,Others,Mainland Gaokao (JEE),Mainland Gaokao (JEE):130-139,A,B,A-,A-,
901,JUPAS,YING WA COLLEGE,HKDSE,HKDSE:4,B,B-,A,A,
1083,JUPAS,LA SALLE COLLEGE,HKDSE,HKDSE:4,D,B-,B+,B,
923,Mainland Fee-paying,Others,Mainland Gaokao (JEE),Mainland Gaokao (JEE):120-129,B+,A-,B-,B,
325,Mainland,Others,Mainland Gaokao (JEE),Mainland Gaokao (JEE):>140,A-,B-,A-,A-,
408,JUPAS,Others,HKDSE,HKDSE:5,D+,C+,C-,B+,
900,JUPAS,CHEUNG SHA WAN CATHOLIC SECONDARY SCHOOL,HKDSE,HKDSE:5*,B,B+,C+,B,
1039,JUPAS,ST FRANCIS CANOSSIAN COLLEGE,HKDSE,HKDSE:4,B-,C+,A-,B,
508,JUPAS,KWUN TONG GOVERNMENT SECONDARY SCHOOL,HKDSE,HKDSE:5*,A,A,B-,D,
241,JUPAS,PUI CHING MIDDLE SCHOOL,HKDSE,HKDSE:5*,A,A-,B+,A-,
351,Mainland,Others,Mainland Gaokao (JEE),Mainland Gaokao (JEE):130-139,A-,C,B,A,
770,JUPAS,MARYMOUNT SECONDARY SCHOOL,HKDSE,HKDSE:4,D,C,B+,A-,
905,JUPAS,SKH LAM WOO MEMORIAL SECONDARY SCHOOL,HKDSE,HKDSE:4,C,B,A-,A,
434,JUPAS,CCC KEI YUEN COLLEGE,HKDSE,HKDSE:4,B-,F,C,B+,
416,JUPAS,SKH LAM KAU MOW SECONDARY SCHOOL,HKDSE,HKDSE:4,B-,B-,B-,B,
857,Mainland Fee-paying,Others,Mainland Gaokao (JEE),Mainland Gaokao (JEE):130-139,B,B,B,B-,
88,JUPAS,HKMA K S LO COLLEGE,HKDSE,HKDSE:4,C,C+,A-,A-,
996,JUPAS,HKTA THE YUEN YUEN INT NO.2 SEC SCH,HKDSE,HKDSE:5,C-,B,A,A,
944,JUPAS,Others,HKDSE,HKDSE:5*,B-,B-,B+,A-,
505,JUPAS,CONFUCIAN TAI SHING HO KWOK PUI CHUN COLLEGE,HKDSE,HKDSE:5*,A-,A-,C,C+,
938,JUPAS,Others,HKDSE,HKDSE:4,C+,A-,C-,B+,
696,JUPAS,ST PAULS SECONDARY SCHOOL,HKDSE,HKDSE:5*,A-,A-,A,A,
1005,JUPAS,PUI CHING MIDDLE SCHOOL,HKDSE,HKDSE:5**,A-,B+,B-,B,
707,JUPAS,PO LEUNG KUK NGAN PO LING COLLEGE,HKDSE,HKDSE:4,B-,B+,C,B+,
685,JUPAS,SHUN LEE CATHOLIC SECONDARY SCHOOL,HKDSE,HKDSE:5,B,B-,B,B,
812,JUPAS,Others,HKDSE,HKDSE:4,C+,B,B+,A,
549,JUPAS,KIANGSU-CHEKIANG COLLEGE (KWAI CHUNG),HKDSE,HKDSE:4,C+,B,A-,A,
716,JUPAS,HEUNG TO MIDDLE SCHOOL,HKDSE,HKDSE:4,B-,B,D+,C,
675,Mainland,Others,Mainland Gaokao (JEE),Mainland Gaokao (JEE):130-139,B+,B,A,A,
814,JUPAS,QUEENS COLL OLD BOYS ASSN SEC SCH,HKDSE,HKDSE:4,B,B,B-,C+,
1085,Mainland Fee-paying,Others,Mainland Gaokao (JEE),Mainland Gaokao (JEE):<110,A-,A,B-,B+,
836,Mainland Fee-paying,Others,Mainland Gaokao (JEE),Mainland Gaokao (JEE):120-129,B,B,D,B,
130,JUPAS,TWGH LI KA SHING COLLEGE,HKDSE,HKDSE:5,C+,C-,B+,A,
583,JUPAS,Others,HKDSE,HKDSE:5,B-,C+,B+,A,
189,JUPAS,MUNSANG COLLEGE (HONG KONG ISLAND),HKDSE,HKDSE:4,B,A-,A-,A-,
1038,JUPAS,POPE PAUL VI COLLEGE,HKDSE,HKDSE:5*,C,B-,C,B-,
515,JUPAS,SHAU KEI WAN GOVERNMENT SECONDARY SCHOOL,HKDSE,HKDSE:5*,A-,B+,A-,B-,
396,JUPAS,SKH LAM WOO MEMORIAL SECONDARY SCHOOL,HKDSE,HKDSE:5*,B-,B+,B,B+,
887,JUPAS,STFA TAM PAK YU COLLEGE,HKDSE,HKDSE:4,B,B+,B-,C+,
698,JUPAS,Others,HKDSE,HKDSE:4,D,C,B+,A-,
762,JUPAS,SKH LAM WOO MEMORIAL SECONDARY SCHOOL,HKDSE,HKDSE:4,B-,B,B,A,
62,JUPAS,YWCA HIOE TJO YOENG COLLEGE,HKDSE,HKDSE:4,B,B+,C+,C+,
450,JUPAS,PUI CHING MIDDLE SCHOOL,HKDSE,HKDSE:5*,A-,A,C+,B+,
459,Mainland,Others,Mainland Gaokao (JEE),Mainland Gaokao (JEE):110-119,A-,A,C,C+,
951,JUPAS,TWGH CHEN ZAO MEN COLLEGE,HKDSE,HKDSE:5,B-,B,D,B-,
1037,JUPAS,YUEN LONG LUTHERAN SECONDARY SCHOOL,HKDSE,HKDSE:5*,A-,B,C-,B,
628,JUPAS,"WAH YAN COLLEGE, KOWLOON",HKDSE,HKDSE:5,B+,B+,B,C-,
774,JUPAS,PUI CHING MIDDLE SCHOOL,HKDSE,HKDSE:5*,A-,B+,B-,A,
1068,JUPAS,WONG SHIU CHI SECONDARY SCHOOL,HKDSE,HKDSE:5,B-,C-,B-,A,
357,Mainland,Others,Mainland Gaokao (JEE),Mainland Gaokao (JEE):130-139,A,A,B-,F,
656,JUPAS,PUI CHING MIDDLE SCHOOL,HKDSE,HKDSE:5,A-,A,B+,B,
744,Mainland,Others,Mainland Gaokao (JEE),Mainland Gaokao (JEE):130-139,A,B,B-,B-,
202,JUPAS,SHAU KEI WAN GOVERNMENT SECONDARY SCHOOL,HKDSE,HKDSE:5*,B,C-,B+,A-,
407,JUPAS,Others,HKDSE,HKDSE:5,C+,B,C-,B+,
779,JUPAS,TUEN MUN GOVERNMENT SECONDARY SCHOOL,HKDSE,HKDSE:4,B-,B,B+,B+,
791,JUPAS,CLEMENTI SECONDARY SCHOOL,HKDSE,HKDSE:4,B+,B-,D,B-,
1057,JUPAS,PUI CHING MIDDLE SCHOOL,HKDSE,HKDSE:4,D,B,B,B+,
569,JUPAS,YAN OI TONG TIN KA PING SECONDARY SCHOOL,HKDSE,HKDSE:4,B-,B,B-,B+,
328,JUPAS,PO LEUNG KUK LAWS FOUNDATION COLLEGE,HKDSE,HKDSE:5**,B+,B+,B,B-,
374,JUPAS,LOK SIN TONG KU CHIU MAN SEC SCH,HKDSE,HKDSE:5,B,B,B-,A,
729,Mainland,Others,Mainland Gaokao (JEE),Mainland Gaokao (JEE):130-139,A-,A,A-,A,
788,Mainland Fee-paying,Others,Mainland Gaokao (JEE),Mainland Gaokao (JEE):120-129,A,A,D+,C+,
796,JUPAS,PLK MRS MA KAM MING CHEUNG FOOK SIEN COL,HKDSE,HKDSE:4,B-,B,B,A,
1094,Mainland Fee-paying,Others,Mainland Gaokao (JEE),Mainland Gaokao (JEE):120-129,A,A,B-,A-,
428,JUPAS,Others,HKDSE,HKDSE:5,A-,A,B,B-,
537,JUPAS,BISHOP HALL JUBILEE SCHOOL,HKDSE,HKDSE:5,B,B+,A,A-,
734,JUPAS,PENTECOSTAL LAM HON KWONG SCHOOL,HKDSE,HKDSE:5,A-,A,C+,C+,
697,JUPAS,Others,HKDSE,HKDSE:5*,C,B-,C+,B-,
935,JUPAS,Others,HKDSE,HKDSE:5*,A,A,A-,A,
1056,Mainland Fee-paying,Others,Mainland Gaokao (JEE),Mainland Gaokao (JEE):110-119,A-,A,B+,B,
1061,Mainland Fee-paying,Others,Mainland Gaokao (JEE),Mainland Gaokao (JEE):120-129,B+,A-,B+,A-,
296,JUPAS,HKCCC UNION LOGOS ACADEMY,HKDSE,HKDSE:4,C,B,B+,B+,
718,JUPAS,Others,HKDSE,HKDSE:5,B,B+,B,B+,
845,JUPAS,HKFEW WONG CHO BAU SECONDARY SCHOOL,HKDSE,HKDSE:5,C,C+,B-,B,
422,JUPAS,CHRIST COLLEGE,HKDSE,HKDSE:5,D+,C,D,D+,
300,JUPAS,TIN SHUI WAI METHODIST COLLEGE,HKDSE,HKDSE:5*,B,A,B+,B+,
335,JUPAS,TWGH LI KA SHING COLLEGE,HKDSE,HKDSE:5,C+,C+,B+,B+,
392,JUPAS,CARMEL SECONDARY SCHOOL,HKDSE,HKDSE:5,B,B+,B+,A-,
781,JUPAS,CCC HEEP WOH COLLEGE,HKDSE,HKDSE:5*,A-,A-,A-,B,
1074,JUPAS,SKH TSANG SHIU TIM SECONDARY SCHOOL,HKDSE,HKDSE:4,C-,D,C+,A-,
526,JUPAS,LOK SIN TONG KU CHIU MAN SEC SCH,HKDSE,HKDSE:4,A-,A-,B+,B,
547,JUPAS,TRUE LIGHT GIRLS COLLEGE,HKDSE,HKDSE:5,C+,B,B,B+,
997,Mainland Fee-paying,Others,Mainland Gaokao (JEE),Mainland Gaokao (JEE):120-129,B-,C,C,F,
207,Mainland,Others,Mainland Gaokao (JEE),Mainland Gaokao (JEE):130-139,A-,B-,A-,A-,
461,Mainland,Others,Mainland Gaokao (JEE),Mainland Gaokao (JEE):130-139,B,A-,C-,B+,
649,JUPAS,SING YIN SECONDARY SCHOOL,HKDSE,HKDSE:5,C,B+,A-,B-,
676,Mainland,Others,Mainland Gaokao (JEE),Mainland Gaokao (JEE):120-129,B-,B-,B-,B+,
388,JUPAS,KINGS COLLEGE,HKDSE,HKDSE:5*,B,B+,A,A,
765,JUPAS,STFA LEUNG KAU KUI COLLEGE,HKDSE,HKDSE:4,D+,B-,B,C-,
609,JUPAS,FANLING RHENISH CHURCH SECONDARY SCHOOL,HKDSE,HKDSE:5*,B+,B,B-,B+,
586,Mainland,Others,Mainland Gaokao (JEE),Mainland Gaokao (JEE):110-119,B,A-,B-,A-,
1017,JUPAS,YWCA HIOE TJO YOENG COLLEGE,HKDSE,HKDSE:5,B,B,B,A,
391,JUPAS,SKH BISHOP BAKER SECONDARY SCHOOL,HKDSE,HKDSE:5,B-,A,C-,C+,
214,Mainland,Others,Mainland Gaokao (JEE),Mainland Gaokao (JEE):130-139,A,B,A-,B+,
635,JUPAS,SING YIN SECONDARY SCHOOL,HKDSE,HKDSE:5,B,A,C+,C+,
355,Mainland,Others,Mainland Gaokao (JEE),Mainland Gaokao (JEE):130-139,A-,A,B,A-,
470,JUPAS,FANLING KAU YAN COLLEGE,HKDSE,HKDSE:4,B-,B-,A,A,
714,Mainland,Others,Mainland Gaokao (JEE),Mainland Gaokao (JEE):120-129,B+,A,A-,A,
999,JUPAS,SHUN LEE CATHOLIC SECONDARY SCHOOL,HKDSE,HKDSE:5*,C-,B+,B,B-,
741,Mainland,Others,Mainland Gaokao (JEE),Mainland Gaokao (JEE):130-139,C,A-,A-,A-,
1024,Mainland Scholarship(Tuition),Others,Mainland Gaokao (JEE),Mainland Gaokao (JEE):130-139,B,A,B,B,
177,JUPAS,CHAN SUI KI (LA SALLE) COLLEGE,HKDSE,HKDSE:5,A-,B-,B+,A-,
82,JUPAS,CCC CHUEN YUEN COLLEGE,HKDSE,HKDSE:5,B,F,A,B-,
560,JUPAS,STFA CHENG YU TUNG SECONDARY SCHOOL,HKDSE,HKDSE:5,B+,A,B,C+,
216,Mainland,Others,Mainland Gaokao (JEE),Mainland Gaokao (JEE):110-119,A,B-,C,A-,
399,JUPAS,METHODIST CHURCH HK WESLEY COLLEGE,HKDSE,HKDSE:4,B-,C+,B,A,
825,JUPAS,FANLING RHENISH CHURCH SECONDARY SCHOOL,HKDSE,HKDSE:5,B,A-,A,A,
322,JUPAS,SKH LAM KAU MOW SECONDARY SCHOOL,HKDSE,HKDSE:4,B,C,A,B,
792,JUPAS,SING YIN SECONDARY SCHOOL,HKDSE,HKDSE:4,B-,C-,B,A,
821,JUPAS,YCH WONG WHA SAN SECONDARY SCHOOL,HKDSE,HKDSE:5,B,B,A,A,
751,JUPAS,Others,HKDSE,HKDSE:5*,B-,A-,B,B+,
183,JUPAS,HONG KONG CHINESE WOMENS CLUB COLLEGE,HKDSE,HKDSE:5,B-,F,B-,B+,
1064,JUPAS,HK & KLN KFWA SUN FONG CHUNG COLLEGE,HKDSE,HKDSE:5*,D,F,B-,B+,
1008,JUPAS,SOUTH TUEN MUN GOVERNMENT SEC SCH,HKDSE,HKDSE:4,A-,B,D,B-,
403,JUPAS,CHRISTIAN ALLIANCE S W CHAN MEM COLL,HKDSE,HKDSE:5,C+,A-,C+,B+,
939,Mainland Fee-paying,Others,Mainland Gaokao (JEE),Mainland Gaokao (JEE):130-139,A-,B+,B,A-,
613,JUPAS,TSUNG TSIN COLLEGE,HKDSE,HKDSE:5*,B-,D,A,A-,
880,JUPAS,Others,HKDSE,HKDSE:5,C,B-,C,B,
518,JUPAS,CCC MONG MAN WAI COLLEGE,HKDSE,HKDSE:5*,A,A,B+,A-,
902,JUPAS,SKH TSANG SHIU TIM SECONDARY SCHOOL,HKDSE,HKDSE:5,B-,A-,D,C,
509,JUPAS,HONG KONG TRUE LIGHT COLLEGE,HKDSE,HKDSE:5,B-,B+,B,B,
1001,JUPAS,TRUE LIGHT GIRLS COLLEGE,HKDSE,HKDSE:4,B-,B,A-,B,
1092,Mainland Fee-paying,Others,Mainland Gaokao (JEE),Mainland Gaokao (JEE):120-129,B,B+,A,B+,
438,JUPAS,CCC KEI CHI SECONDARY SCHOOL,HKDSE,HKDSE:5,B+,B+,A,B+,
841,Mainland Fee-paying,Others,Mainland Gaokao (JEE),Mainland Gaokao (JEE):110-119,A-,A,B+,A-,
543,JUPAS,METHODIST CHURCH HK WESLEY COLLEGE,HKDSE,HKDSE:5,A-,B,B,A,
304,Mainland,Others,Mainland Gaokao (JEE),Mainland Gaokao (JEE):130-139,A-,B+,B,B,
524,JUPAS,NTHYK YUEN LONG DISTRICT SECONDARY SCH,HKDSE,HKDSE:5,A-,A,A-,B+,
816,JUPAS,CARMEL SECONDARY SCHOOL,HKDSE,HKDSE:5,C-,C,A-,A-,
804,JUPAS,CHINESE FOUNDATION SECONDARY SCHOOL,HKDSE,HKDSE:4,B-,A,A-,A,
291,JUPAS,HO FUNG COLL (SPONSORED BY SIK SIK YUEN),HKDSE,HKDSE:5,A-,F,B-,B+,
590,JUPAS,CCC HEEP WOH COLLEGE,HKDSE,HKDSE:5,B-,B,A-,A,
883,JUPAS,CHEUNG CHUK SHAN COLLEGE,HKDSE,HKDSE:5,C+,B-,B-,B,
576,JUPAS,YWCA HIOE TJO YOENG COLLEGE,HKDSE,HKDSE:4,A-,B+,B+,A-,
899,JUPAS,STFA LEUNG KAU KUI COLLEGE,HKDSE,HKDSE:5,B,B+,C,B,
551,Mainland,Others,Mainland Gaokao (JEE),Mainland Gaokao (JEE):120-129,B+,B+,A-,B-,
248,JUPAS,SKH LAM KAU MOW SECONDARY SCHOOL,HKDSE,HKDSE:5,B,B+,B-,C+,
281,Mainland,Others,Mainland Gaokao (JEE),Mainland Gaokao (JEE):120-129,A-,B+,B+,A-,
837,Mainland Fee-paying,Others,Mainland Gaokao (JEE),Mainland Gaokao (JEE):120-129,B-,A,A-,B+,
94,JUPAS,YCH LIM POR YEN SECONDARY SCHOOL,HKDSE,HKDSE:5**,B+,A-,B-,B+,
990,JUPAS,TUEN MUN CATHOLIC SECONDARY SCHOOL,HKDSE,HKDSE:4,B,B,C+,B,
789,JUPAS,SALESIAN ENGLISH SCHOOL,HKDSE,HKDSE:5,B-,C+,C-,B,
1075,JUPAS,SHUNG TAK CATHOLIC ENGLISH COLLEGE,HKDSE,HKDSE:4,D,C-,B-,D,
1079,JUPAS,Others,HKDSE,HKDSE:5,C,A-,B,B+,
645,JUPAS,UNITED CHRISTIAN COLLEGE (KOWLOON EAST),HKDSE,HKDSE:5,C,B-,B-,B+,
674,Mainland,Others,Mainland Gaokao (JEE),Mainland Gaokao (JEE):120-129,C+,B+,B,A,
50,JUPAS,Others,HKDSE,HKDSE:5,B-,C+,D,F,
937,Mainland Fee-paying,Others,Mainland Gaokao (JEE),Mainland Gaokao (JEE):110-119,B,B,C,B-,
142,JUPAS,TANG KING PO SCHOOL,HKDSE,HKDSE:4,B+,B-,B+,B+,
201,Mainland,Others,Mainland Gaokao (JEE),Mainland Gaokao (JEE):120-129,A,A,C+,A-,
631,Mainland,Others,Mainland Gaokao (JEE),Mainland Gaokao (JEE):130-139,A-,A,D,B-,
420,JUPAS,"WAH YAN COLLEGE, KOWLOON",HKDSE,HKDSE:4,B,B+,A-,B,
852,JUPAS,RAIMONDI COLLEGE,HKDSE,HKDSE:4,D,B+,A,B-,
1026,Mainland Fee-paying,Others,Mainland Gaokao (JEE),Mainland Gaokao (JEE):130-139,C+,B,A,A-,
168,JUPAS,FUKIEN SECONDARY SCHOOL,HKDSE,HKDSE:5*,A-,B+,A-,A-,
502,JUPAS,PO LEUNG KUK HO YUK CHING (1984) COLLEGE,HKDSE,HKDSE:5,B,B+,C,C+,
1078,JUPAS,MARYKNOLL CONVENT SCH (SEC SECTION),HKDSE,HKDSE:5,C+,B+,C,B,
811,JUPAS,KWUN TONG GOVERNMENT SECONDARY SCHOOL,HKDSE,HKDSE:5,C,B,A-,B+,
953,Mainland Fee-paying,Others,Mainland Gaokao (JEE),Mainland Gaokao (JEE):120-129,A-,A-,A-,B+,
516,JUPAS,YING WA COLLEGE,HKDSE,HKDSE:5,B,A-,B+,A,
838,JUPAS,RAIMONDI COLLEGE,HKDSE,HKDSE:4,C,B-,C,B-,
531,JUPAS,KIANGSU-CHEKIANG COLLEGE,HKDSE,HKDSE:5*,A-,A-,B+,B+,
679,JUPAS,SKH TANG SHIU KIN SECONDARY SCHOOL,HKDSE,HKDSE:4,C,C+,B-,B-,
471,JUPAS,OUR LADY OF THE ROSARY COLLEGE,HKDSE,HKDSE:5*,B-,B,C+,C+,
1089,Mainland Fee-paying,Others,Mainland Gaokao (JEE),Mainland Gaokao (JEE):130-139,B+,A-,B-,B,
864,JUPAS,CCC MING KEI COLLEGE,HKDSE,HKDSE:5,A,B,B-,A,
445,JUPAS,TWGH KAP YAN DIRECTORS COLLEGE,HKDSE,HKDSE:4,C-,C,B-,B+,
753,JUPAS,Others,HKDSE,HKDSE:4,B-,C+,B-,B,
750,Mainland Fee-paying,Others,Mainland Gaokao (JEE),Mainland Gaokao (JEE):120-129,C+,C,B+,A,
1025,JUPAS,Others,HKDSE,HKDSE:5*,C+,B-,B+,B+,
784,Mainland Fee-paying,Others,Mainland Gaokao (JEE),Mainland Gaokao (JEE):120-129,A-,A-,D+,A-,
1082,JUPAS,TSEUNG KWAN O GOVERNMENT SEC SCHOOL,HKDSE,HKDSE:5,A,B+,B,C+,
717,JUPAS,CHINESE YMCA COLLEGE,HKDSE,HKDSE:5,B-,B+,B,B+,
1059,Mainland Fee-paying,Others,Mainland Gaokao (JEE),Mainland Gaokao (JEE):>140,A-,A,B,A-,
755,JUPAS,SHA TIN METHODIST COLLEGE,HKDSE,HKDSE:5,C-,F,A,A,
795,JUPAS,Others,HKDSE,HKDSE:4,C+,C+,B+,B+,
506,JUPAS,CCC MONG MAN WAI COLLEGE,HKDSE,HKDSE:5*,B,B+,C+,B,
805,JUPAS,OUR LADY OF THE ROSARY COLLEGE,HKDSE,HKDSE:5,C+,B,A-,B+,
670,JUPAS,PUI CHING MIDDLE SCHOOL,HKDSE,HKDSE:5*,A,A-,B,C,
824,JUPAS,BISHOP HALL JUBILEE SCHOOL,HKDSE,HKDSE:5,B-,B+,C+,B+,
1021,JUPAS,SKH LAM WOO MEMORIAL SECONDARY SCHOOL,HKDSE,HKDSE:3,B,B+,B-,A-,
948,JUPAS,Others,HKDSE,HKDSE:4,B-,B+,A-,A,
1052,JUPAS,SHUNG TAK CATHOLIC ENGLISH COLLEGE,HKDSE,HKDSE:4,B-,A-,A,A-,
735,JUPAS,SALEM-IMMANUEL LUTHERAN COLLEGE,HKDSE,HKDSE:4,B+,B,A,A-,
913,JUPAS,QUEEN ELIZABETH SCHOOL,HKDSE,HKDSE:4,D+,B-,B+,B+,
785,Mainland Scholarship(Tuition),Others,Mainland Gaokao (JEE),Mainland Gaokao (JEE):120-129,B,C+,C-,B+,
367,Mainland,Others,Mainland Gaokao (JEE),Mainland Gaokao (JEE):130-139,A,A,C+,C,
382,JUPAS,HKWMA CHU SHEK LUN SECONDARY SCHOOL,HKDSE,HKDSE:5,C-,C,A-,A,
896,JUPAS,ST PAULS COLLEGE,HKDSE,HKDSE:4,D+,C-,A,A,
839,JUPAS,Others,HKDSE,HKDSE:4,D,A-,B+,A,
967,JUPAS,HKSYC&IA WONG TAI SHAN MEM COLL,HKDSE,HKDSE:5,B-,B,A-,A,
310,JUPAS,Others,HKDSE,HKDSE:5,B+,B,B,A-,
1093,Mainland Scholarship(Tuition),Others,Mainland Gaokao (JEE),Mainland Gaokao (JEE):>140,B+,A-,B+,B-,
851,Mainland Fee-paying,Others,Mainland Gaokao (JEE),Mainland Gaokao (JEE):130-139,B+,A,B+,B,
451,Mainland,Others,Mainland Gaokao (JEE),Mainland Gaokao (JEE):120-129,A,A,A,A,
577,JUPAS,Others,HKDSE,HKDSE:5,A-,B+,B-,B,
305,Mainland,Others,Mainland Gaokao (JEE),Mainland Gaokao (JEE):130-139,A,A-,A,A,
511,JUPAS,Others,HKDSE,HKDSE:4,B+,A-,B-,B+,
365,Mainland,Others,Mainland Gaokao (JEE),Mainland Gaokao (JEE):>140,A-,B+,A,B,
426,JUPAS,LAI KING CATHOLIC SECONDARY SCHOOL,HKDSE,HKDSE:4,B,B,B-,B,
973,Mainland Scholarship(Tuition),Others,Mainland Gaokao (JEE),Mainland Gaokao (JEE):110-119,A,B,B+,B-,
534,JUPAS,HKCCC UNION LOGOS ACADEMY,HKDSE,HKDSE:5,C,B+,B,A-,
303,Mainland,Others,Mainland Gaokao (JEE),Mainland Gaokao (JEE):130-139,A-,B+,D,D,
372,Mainland,Others,Mainland Gaokao (JEE),Mainland Gaokao (JEE):130-139,A-,A,A-,B+,
861,JUPAS,SKH LUI MING CHOI SECONDARY SCHOOL,HKDSE,HKDSE:4,D+,C+,D,D+,
778,JUPAS,YAN OI TONG TIN KA PING SECONDARY SCHOOL,HKDSE,HKDSE:5,B+,B,B-,B,
368,Mainland,Others,Mainland Gaokao (JEE),Mainland Gaokao (JEE):>140,A,A-,B-,A-,
969,JUPAS,ST LOUIS SCHOOL,HKDSE,HKDSE:5*,B+,B+,A-,A,
588,Mainland,Others,Mainland Gaokao (JEE),Mainland Gaokao (JEE):130-139,B,B-,B+,B+,
602,JUPAS,SING YIN SECONDARY SCHOOL,HKDSE,HKDSE:5*,A-,A,B,C+,
520,JUPAS,BUDDHIST WONG FUNG LING COLLEGE,HKDSE,HKDSE:4,B-,B+,A-,B+,
642,JUPAS,SKH LAM WOO MEMORIAL SECONDARY SCHOOL,HKDSE,HKDSE:5,A-,B+,A-,A,
665,JUPAS,Others,HKDSE,HKDSE:5,B+,B+,A,A-,
684,JUPAS,SING YIN SECONDARY SCHOOL,HKDSE,HKDSE:4,B,A-,C+,C,
767,JUPAS,YAN OI TONG TIN KA PING SECONDARY SCHOOL,HKDSE,HKDSE:5,B,B,B-,A,
936,Mainland Fee-paying,Others,Mainland Gaokao (JEE),Mainland Gaokao (JEE):130-139,B-,B-,D,B+,
226,Mainland,Others,Mainland Gaokao (JEE),Mainland Gaokao (JEE):120-129,A,B+,B,B+,
535,JUPAS,PUI CHING MIDDLE SCHOOL,HKDSE,HKDSE:5,B+,A,B,B+,
611,JUPAS,YING WA COLLEGE,HKDSE,HKDSE:4,C,A-,A-,A-,
567,Mainland,Others,Mainland Gaokao (JEE),Mainland Gaokao (JEE):110-119,B,A,A,C,
330,Mainland,Others,Mainland Gaokao (JEE),Mainland Gaokao (JEE):130-139,B+,A,C+,A-,
491,JUPAS,ST JOSEPHS COLLEGE,HKDSE,HKDSE:5,C+,B+,B,A-,
562,Mainland,Others,Mainland Gaokao (JEE),Mainland Gaokao (JEE):130-139,B,A-,A,A,
37,JUPAS,METHODIST CHURCH HK WESLEY COLLEGE,HKDSE,HKDSE:5,D,D+,A-,A,
1065,JUPAS,MUNSANG COLLEGE,HKDSE,HKDSE:4,D,C+,B,B,
394,JUPAS,STFA LEUNG KAU KUI COLLEGE,HKDSE,HKDSE:5**,B+,A,B+,A,
742,Mainland,Others,Mainland Gaokao (JEE),Mainland Gaokao (JEE):130-139,A,A-,C-,B-,
711,JUPAS,TSUEN WAN GOVERNMENT SECONDARY SCHOOL,HKDSE,HKDSE:5*,B+,A,D,C,
949,JUPAS,YWCA HIOE TJO YOENG COLLEGE,HKDSE,HKDSE:5,A,B-,A,A,
915,JUPAS,ST PAULS CO-EDUCATIONAL COLLEGE,HKDSE,HKDSE:4,D+,B-,B+,B,
768,JUPAS,Others,HKDSE,HKDSE:5,D+,B,C,B-,
561,Mainland,Others,Mainland Gaokao (JEE),Mainland Gaokao (JEE):120-129,B,A,B,B,
743,Mainland,Others,Mainland Gaokao (JEE),Mainland Gaokao (JEE):130-139,A,A,C,B-,
387,JUPAS,TSUEN WAN PUB HO CHUEN YIU MEMORIAL COLL,HKDSE,HKDSE:5*,C+,B+,B,B+,
1088,JUPAS,HEUNG TO MIDDLE SCHOOL,HKDSE,HKDSE:4,C,B-,D,D+,
945,JUPAS,PUI CHING MIDDLE SCHOOL,HKDSE,HKDSE:4,C+,B-,C-,B,
720,Mainland,Others,Mainland Gaokao (JEE),Mainland Gaokao (JEE):>140,A,B+,C-,C,
29,JUPAS,PO LEUNG KUK LAWS FOUNDATION COLLEGE,HKDSE,HKDSE:4,B+,B-,A-,B,
331,Mainland,Others,Mainland Gaokao (JEE),Mainland Gaokao (JEE):>140,A,B+,C+,B-,
895,JUPAS,YUEN LONG LUTHERAN SECONDARY SCHOOL,HKDSE,HKDSE:4,C,C+,B-,C,
813,JUPAS,SHA TIN GOVERNMENT SECONDARY SCHOOL,HKDSE,HKDSE:5,B,B+,C+,B,
952,JUPAS,MUNSANG COLLEGE,HKDSE,HKDSE:4,B,B,D+,C-,
172,JUPAS,SKH LAM WOO MEMORIAL SECONDARY SCHOOL,HKDSE,HKDSE:4,B,C+,C+,B,
555,JUPAS,SING YIN SECONDARY SCHOOL,HKDSE,HKDSE:5,B+,B+,B,A-,
847,JUPAS,HK AND MACAU LU CH QUEEN MAUD SEC SCH,HKDSE,HKDSE:5,D,C+,A-,A-,
475,Mainland,Others,Mainland Gaokao (JEE),Mainland Gaokao (JEE):120-129,A,A-,B-,F,
786,JUPAS,YWCA HIOE TJO YOENG COLLEGE,HKDSE,HKDSE:4,A-,A-,D,C+,
601,JUPAS,STFA TAM PAK YU COLLEGE,HKDSE,HKDSE:5,A-,A-,D,B-,
893,JUPAS,"WAH YAN COLLEGE, HONG KONG",HKDSE,HKDSE:4,D,D+,A-,B-,
623,Mainland,Others,Mainland Gaokao (JEE),Mainland Gaokao (JEE):130-139,B,B+,A-,A,
702,JUPAS,SING YIN SECONDARY SCHOOL,HKDSE,HKDSE:5,A,A-,C+,C+,
412,Mainland,Others,Mainland Gaokao (JEE),Mainland Gaokao (JEE):<110,C-,B+,B,B,
17,JUPAS,TSUEN WAN PUB HO CHUEN YIU MEMORIAL COLL,HKDSE,HKDSE:5,B+,B+,A-,A-,
661,JUPAS,LINGNAN HANG YEE MEMORIAL SECONDARY SCH,HKDSE,HKDSE:4,B-,B,B-,B-,
452,JUPAS,HO YU COLL & PRI (SPON BY SIK SIK YUEN),HKDSE,HKDSE:5,C,A-,A,A-,
991,JUPAS,HOLY FAMILY CANOSSIAN COLLEGE,HKDSE,HKDSE:4,B-,C+,D,C,
109,JUPAS,VALTORTA COLLEGE,HKDSE,HKDSE:5**,A-,A,C-,C,
317,JUPAS,HO LAP COLL (SPSD BY THE SIK SIK YUEN),HKDSE,HKDSE:5,C,C+,B+,A,
340,JUPAS,Others,HKDSE,HKDSE:5,B,A-,B-,B,
629,JUPAS,CARMEL SECONDARY SCHOOL,HKDSE,HKDSE:4,A-,B,B-,F,
605,JUPAS,PLK NO.1 WH CHEUNG COLLEGE,HKDSE,HKDSE:4,A-,A-,B-,B,
692,JUPAS,YAN CHAI HOSPITAL LAW CHAN CHOR SI COLL,HKDSE,HKDSE:5*,B+,B+,D,D+,
800,JUPAS,YAN OI TONG TIN KA PING SECONDARY SCHOOL,HKDSE,HKDSE:5,B+,A-,A,B+,
599,JUPAS,FDBWA SZETO HO SECONDARY SCHOOL,HKDSE,HKDSE:5,B,A-,B,B,
446,JUPAS,Others,HKDSE,HKDSE:5*,B+,A,C-,A,
972,JUPAS,C&MA SUN KEI SECONDARY SCHOOL,HKDSE,HKDSE:5,D,D+,B,B+,
625,Mainland,Others,Mainland Gaokao (JEE),Mainland Gaokao (JEE):120-129,B-,A-,C-,C,
802,JUPAS,ST ROSE OF LIMAS COLLEGE,HKDSE,HKDSE:4,C-,B+,B+,A-,
411,JUPAS,Others,HKDSE,HKDSE:4,B-,A-,A-,A-,
571,JUPAS,LA SALLE COLLEGE,HKDSE,HKDSE:5,B+,B+,B+,A,
423,JUPAS,KWUN TONG GOVERNMENT SECONDARY SCHOOL,HKDSE,HKDSE:5**,B+,B+,A,B-,
947,JUPAS,Others,HKDSE,HKDSE:4,B,A-,A,B+,
457,JUPAS,"WAH YAN COLLEGE, HONG KONG",HKDSE,HKDSE:5*,A,B+,D+,C-,
1043,JUPAS,QUEEN ELIZABETH SCHOOL,HKDSE,HKDSE:5*,A-,A-,B,B,
366,Mainland,Others,Mainland Gaokao (JEE),Mainland Gaokao (JEE):120-129,A-,A,A,B+,
1030,JUPAS,ELEGANTIA COLLEGE (SPONSORED BY ED CONV),HKDSE,HKDSE:5,C+,B,C,C+,
1073,JUPAS,PHC WING KWONG COLLEGE,HKDSE,HKDSE:4,C+,B,B+,A-,
458,JUPAS,KAU YAN COLLEGE,HKDSE,HKDSE:5,B+,B+,C+,B-,
187,JUPAS,CHINESE FOUNDATION SECONDARY SCHOOL,HKDSE,HKDSE:4,A-,B,C+,B,
713,JUPAS,PLK CENTENARY LI SHIU CHUNG MEM COLL,HKDSE,HKDSE:5,C,B,B-,B+,
1042,JUPAS,SHUNG TAK CATHOLIC ENGLISH COLLEGE,HKDSE,HKDSE:5,B,A-,B,B+,
737,JUPAS,PUI CHING MIDDLE SCHOOL,HKDSE,HKDSE:5*,A,A,A-,A-,
849,JUPAS,BELILIOS PUBLIC SCHOOL,HKDSE,HKDSE:5,C-,B-,B,B+,
708,JUPAS,KING LING COLLEGE,HKDSE,HKDSE:4,D,B-,B+,A,
810,JUPAS,CHINESE FOUNDATION SECONDARY SCHOOL,HKDSE,HKDSE:4,B,A,A-,A,
1027,Mainland Fee-paying,Others,Mainland Gaokao (JEE),Mainland Gaokao (JEE):120-129,B,B+,B,B+,
55,JUPAS,KWOK TAK SENG CATHOLIC SECONDARY SCHOOL,HKDSE,HKDSE:5,B,B,A-,A,
229,JUPAS,Others,HKDSE,HKDSE:5*,A-,A,D,C-,
924,JUPAS,KWOK TAK SENG CATHOLIC SECONDARY SCHOOL,HKDSE,HKDSE:5,B+,A,D,D+,
261,Mainland,Others,Mainland Gaokao (JEE),Mainland Gaokao (JEE):130-139,A,B,B+,B,
828,Mainland Fee-paying,Others,Mainland Gaokao (JEE),Mainland Gaokao (JEE):130-139,A,A,A-,B,
677,JUPAS,KING LING COLLEGE,HKDSE,HKDSE:5*,A-,B,A,B+,
736,JUPAS,YUEN LONG PUBLIC SECONDARY SCHOOL,HKDSE,HKDSE:5,A-,A-,C,B+,
1013,JUPAS,YWCA HIOE TJO YOENG COLLEGE,HKDSE,HKDSE:4,B,B+,B,B,
806,JUPAS,CHRISTIAN ALLIANCE S C CHAN MEM COLL,HKDSE,HKDSE:4,B,B+,C+,B+,
479,JUPAS,SKH TSANG SHIU TIM SECONDARY SCHOOL,HKDSE,HKDSE:5,B,C+,B-,C+,
815,JUPAS,Others,HKDSE,HKDSE:5,C-,B,B+,A,
807,JUPAS,BISHOP HALL JUBILEE SCHOOL,HKDSE,HKDSE:4,C,B,A,A,
916,JUPAS,Others,HKDSE,HKDSE:5,C,B,B-,A-,
957,JUPAS,CCC KEI LONG COLLEGE,HKDSE,HKDSE:5,B+,A-,B+,B-,
777,JUPAS,QUEEN ELIZABETH SCHOOL,HKDSE,HKDSE:4,D,B,A,A-,
782,Mainland Fee-paying,Others,Mainland Gaokao (JEE),Mainland Gaokao (JEE):110-119,A-,A-,B,B,
1086,JUPAS,KIANGSU-CHEKIANG COLLEGE (KWAI CHUNG),HKDSE,HKDSE:5,C,B-,A,B-,
184,JUPAS,TACK CHING GIRLS SECONDARY SCHOOL,HKDSE,HKDSE:4,B,B-,A,A,
889,JUPAS,ST JOSEPHS COLLEGE,HKDSE,HKDSE:5*,C+,B-,A,A-,
1067,Mainland Fee-paying,Others,Mainland Gaokao (JEE),Mainland Gaokao (JEE):110-119,B+,A-,B+,A,
554,JUPAS,SING YIN SECONDARY SCHOOL,HKDSE,HKDSE:5,B+,B+,D,C-,
730,JUPAS,SING YIN SECONDARY SCHOOL,HKDSE,HKDSE:5,A-,A,B+,B,
817,JUPAS,ST BONAVENTURE COLLEGE & HIGH SCHOOL,HKDSE,HKDSE:4,B-,B+,A-,A-,
329,Mainland,Others,Mainland Gaokao (JEE),Mainland Gaokao (JEE):130-139,A,B-,C,A-,
507,JUPAS,TSUEN WAN PUB HO CHUEN YIU MEMORIAL COLL,HKDSE,HKDSE:5*,B-,B-,C-,B+,
856,JUPAS,TANG KING PO SCHOOL,HKDSE,HKDSE:4,D+,B-,B-,C+,
706,JUPAS,LOK SIN TONG KU CHIU MAN SEC SCH,HKDSE,HKDSE:5,B-,B+,A-,B+,
144,JUPAS,PLK MRS MA KAM MING CHEUNG FOOK SIEN COL,HKDSE,HKDSE:4,B+,B-,C-,B+,
1060,Mainland Scholarship(Tuition),Others,Mainland Gaokao (JEE),Mainland Gaokao (JEE):130-139,A,A,A-,B+,
875,JUPAS,RAIMONDI COLLEGE,HKDSE,HKDSE:5*,B-,B,D,B+,
540,JUPAS,ST FRANCIS XAVIERS COLLEGE,HKDSE,HKDSE:4,B-,B,B,B+,
529,JUPAS,SKH KEI HAU SECONDARY SCHOOL,HKDSE,HKDSE:5,B,B,B,B-,
682,JUPAS,RHENISH CHURCH PANG HOK-KO MEMORIAL COLL,HKDSE,HKDSE:5,B-,B+,C,B,
415,JUPAS,PUI CHING MIDDLE SCHOOL,HKDSE,HKDSE:5*,B+,A,A,A,
712,JUPAS,TACK CHING GIRLS SECONDARY SCHOOL,HKDSE,HKDSE:4,C,B,D,B,
643,JUPAS,SKH CHAN YOUNG SECONDARY SCHOOL,HKDSE,HKDSE:5,B+,A-,B+,A-,
20,JUPAS,CHRISTIAN ALLIANCE S C CHAN MEM COLL,HKDSE,HKDSE:5*,A-,B,B,A,
878,JUPAS,JOCKEY CLUB TI-I COLLEGE,HKDSE,HKDSE:4,B-,C+,B,A,
552,JUPAS,OUR LADY OF THE ROSARY COLLEGE,HKDSE,HKDSE:5*,B,C,C,B+,
998,JUPAS,MA ON SHAN TSUNG TSIN SECONDARY SCHOOL,HKDSE,HKDSE:5,B,B-,A,A-,
234,Mainland,Others,Mainland Gaokao (JEE),Mainland Gaokao (JEE):120-129,A,A-,D,C-,
563,Mainland,Others,Mainland Gaokao (JEE),Mainland Gaokao (JEE):120-129,B+,A-,B+,B-,
1007,JUPAS,TRUE LIGHT GIRLS COLLEGE,HKDSE,HKDSE:5*,B-,B+,C,B,
653,JUPAS,KWOK TAK SENG CATHOLIC SECONDARY SCHOOL,HKDSE,HKDSE:4,B-,C,B-,B,
681,JUPAS,PLK MRS MA KAM MING CHEUNG FOOK SIEN COL,HKDSE,HKDSE:5,B-,B,B,A-,
478,JUPAS,ST BONAVENTURE COLLEGE & HIGH SCHOOL,HKDSE,HKDSE:5,D+,B+,B,A,
1015,JUPAS,Others,HKDSE,HKDSE:4,C,C+,B-,B,
25,JUPAS,MUNSANG COLLEGE (HONG KONG ISLAND),HKDSE,HKDSE:4,B,A-,B-,B+,
380,JUPAS,KOWLOON SAM YUK SECONDARY SCHOOL,HKDSE,HKDSE:4,A-,A-,A-,A-,
799,JUPAS,QUEEN ELIZABETH SCHOOL,HKDSE,HKDSE:5,B,A-,A-,A,
1036,JUPAS,Others,HKDSE,HKDSE:4,C,B,A-,B,
425,JUPAS,KWUN TONG MARYKNOLL COLLEGE,HKDSE,HKDSE:4,C,B+,B-,B,
1062,JUPAS,CHRISTIAN ALLIANCE CHENG WING GEE COLL,HKDSE,HKDSE:4,B-,A-,A-,A-,
1055,Mainland Scholarship(Tuition),Others,Mainland Gaokao (JEE),Mainland Gaokao (JEE):130-139,B-,F,C+,B,
36,JUPAS,STFA LEUNG KAU KUI COLLEGE,HKDSE,HKDSE:5,B-,B+,B-,B,
930,JUPAS,Others,HKDSE,HKDSE:5,A-,A,B+,B+,
1018,JUPAS,CCC KEI YUEN COLLEGE,HKDSE,HKDSE:5,C+,B-,B-,B,
710,JUPAS,COGNITIO COLLEGE (HONG KONG),HKDSE,HKDSE:5,B,A-,B-,C+,
437,JUPAS,LINGNAN SECONDARY SCHOOL,HKDSE,HKDSE:5,B,A-,B+,A,
225,JUPAS,PLK LEE SHING PIK COLLEGE,HKDSE,HKDSE:4,D,C-,A-,B+,
525,JUPAS,SHA TIN GOVERNMENT SECONDARY SCHOOL,HKDSE,HKDSE:5,C,B+,B,B,
499,JUPAS,LAM TAI FAI COLLEGE,HKDSE,HKDSE:4,B-,B+,B,B,
147,JUPAS Appeal-in,STFA YUNG YAU COLLEGE,HKDSE,HKDSE:5,B-,C,B-,F,
1016,JUPAS,HK AND MACAU LU CH QUEEN MAUD SEC SCH,HKDSE,HKDSE:5,D,C,D+,B-,
892,JUPAS,CHINESE YMCA COLLEGE,HKDSE,HKDSE:5,D,C,D,D+,
761,JUPAS,PUI KIU COLLEGE,HKDSE,HKDSE:4,D,C-,C,B+,
1044,JUPAS,YAN OI TONG TIN KA PING SECONDARY SCHOOL,HKDSE,HKDSE:4,B,B+,D+,B+,
769,JUPAS,Others,HKDSE,HKDSE:5,B-,B,D+,B+,
553,Mainland,Others,Mainland Gaokao (JEE),Mainland Gaokao (JEE):130-139,A,A,B-,C,
521,JUPAS,KINGS COLLEGE,HKDSE,HKDSE:5*,B-,B,A-,B+,
528,JUPAS,SOUTH TUEN MUN GOVERNMENT SEC SCH,HKDSE,HKDSE:5,B+,A-,B,C,
370,Mainland,Others,Mainland Gaokao (JEE),Mainland Gaokao (JEE):>140,A-,B+,A-,B+,
386,JUPAS,KING LING COLLEGE,HKDSE,HKDSE:5,B,B,A,B,
826,JUPAS,GOOD HOPE SCHOOL,HKDSE,HKDSE:5,B-,B+,D,C+,
