Student_ID,Admission_Channel,Secondary_School,Exam,Math_Background,MATH1510,ENGG1130,ENGG2020
1001,JUPAS,TRUE LIGHT GIRLS COLLEGE,HKDSE,HKDSE:4,B-,B,
849,JUPAS,BELILIOS PUBLIC SCHOOL,HKDSE,HKDSE:5,C-,B-,
214,Mainland,Others,Mainland Gaokao (JEE),Mainland Gaokao (JEE):130-139,A,B,
177,JUPAS,CHAN SUI KI (LA SALLE) COLLEGE,HKDSE,HKDSE:5,A-,B-,
1083,JUPAS,LA SALLE COLLEGE,HKDSE,HKDSE:4,D,B-,
930,JUPAS,Others,HKDSE,HKDSE:5,A-,A,
692,JUPAS,YAN CHAI HOSPITAL LAW CHAN CHOR SI COLL,HKDSE,HKDSE:5*,B+,B+,
208,JUPAS,YWCA HIOE TJO YOENG COLLEGE,HKDSE,HKDSE:4,B-,F,
923,Mainland Fee-paying,Others,Mainland Gaokao (JEE),Mainland Gaokao (JEE):120-129,B+,A-,
917,JUPAS,DIOCESAN BOYS SCHOOL,HKDSE,HKDSE:4,D,B-,
1031,Mainland Fee-paying,Others,Mainland Gaokao (JEE),Mainland Gaokao (JEE):120-129,A-,A,
635,JUPAS,SING YIN SECONDARY SCHOOL,HKDSE,HKDSE:5,B,A,
227,Mainland,Others,Mainland Gaokao (JEE),Mainland Gaokao (JEE):120-129,A-,B+,
1014,JUPAS,STFA YUNG YAU COLLEGE,HKDSE,HKDSE:4,D,C,
531,JUPAS,KIANGSU-CHEKIANG COLLEGE,HKDSE,HKDSE:5*,A-,A-,
676,Mainland,Others,Mainland Gaokao (JEE),Mainland Gaokao (JEE):120-129,B-,B-,
914,JUPAS,PO ON COMM ASSN WONG SIU CHING SEC SCH,HKDSE,HKDSE:5,B-,B,
816,JUPAS,CARMEL SECONDARY SCHOOL,HKDSE,HKDSE:5,C-,C,
470,JUPAS,FANLING KAU YAN COLLEGE,HKDSE,HKDSE:4,B-,B-,
391,JUPAS,SKH BISHOP BAKER SECONDARY SCHOOL,HKDSE,HKDSE:5,B-,A,
661,JUPAS,LINGNAN HANG YEE MEMORIAL SECONDARY SCH,HKDSE,HKDSE:4,B-,B,
224,JUPAS,ELEGANTIA COLLEGE (SPONSORED BY ED CONV),HKDSE,HKDSE:5*,B-,F,
808,JUPAS,WONG SHIU CHI SECONDARY SCHOOL,HKDSE,HKDSE:5,A-,A,
1025,JUPAS,Others,HKDSE,HKDSE:5*,C+,B-,
734,JUPAS,PENTECOSTAL LAM HON KWONG SCHOOL,HKDSE,HKDSE:5,A-,A,
893,JUPAS,"WAH YAN COLLEGE, HONG KONG",HKDSE,HKDSE:4,D,D+,
765,JUPAS,STFA LEUNG KAU KUI COLLEGE,HKDSE,HKDSE:4,D+,B-,
508,JUPAS,KWUN TONG GOVERNMENT SECONDARY SCHOOL,HKDSE,HKDSE:5*,A,A,
529,JUPAS,SKH KEI HAU SECONDARY SCHOOL,HKDSE,HKDSE:5,B,B,
370,Mainland,Others,Mainland Gaokao (JEE),Mainland Gaokao (JEE):>140,A-,B+,
766,JUPAS,Others,HKDSE,HKDSE:4,B-,C+,
968,JUPAS,CARMEL SECONDARY SCHOOL,HKDSE,HKDSE:5,B,B+,
147,JUPAS Appeal-in,STFA YUNG YAU COLLEGE,HKDSE,HKDSE:5,B-,C,
548,JUPAS,C&MA SUN KEI SECONDARY SCHOOL,HKDSE,HKDSE:5*,C+,B,
656,JUPAS,PUI CHING MIDDLE SCHOOL,HKDSE,HKDSE:5,A-,A,
475,Mainland,Others,Mainland Gaokao (JEE),Mainland Gaokao (JEE):120-129,A,A-,
554,JUPAS,SING YIN SECONDARY SCHOOL,HKDSE,HKDSE:5,B+,B+,
905,JUPAS,SKH LAM WOO MEMORIAL SECONDARY SCHOOL,HKDSE,HKDSE:4,C,B,
229,JUPAS,Others,HKDSE,HKDSE:5*,A-,A,
574,JUPAS,TAK NGA SECONDARY SCHOOL,HKDSE,HKDSE:5,C+,B+,
1052,JUPAS,SHUNG TAK CATHOLIC ENGLISH COLLEGE,HKDSE,HKDSE:4,B-,A-,
972,JUPAS,C&MA SUN KEI SECONDARY SCHOOL,HKDSE,HKDSE:5,D,D+,
789,JUPAS,SALESIAN ENGLISH SCHOOL,HKDSE,HKDSE:5,B-,C+,
628,JUPAS,"WAH YAN COLLEGE, KOWLOON",HKDSE,HKDSE:5,B+,B+,
216,Mainland,Others,Mainland Gaokao (JEE),Mainland Gaokao (JEE):110-119,A,B-,
1049,JUPAS,PO LEUNG KUK NGAN PO LING COLLEGE,HKDSE,HKDSE:5,D,B-,
680,JUPAS,NG YUK SECONDARY SCHOOL,HKDSE,HKDSE:4,B,B,
674,Mainland,Others,Mainland Gaokao (JEE),Mainland Gaokao (JEE):120-129,C+,B+,
526,JUPAS,LOK SIN TONG KU CHIU MAN SEC SCH,HKDSE,HKDSE:4,A-,A-,
1071,JUPAS,METHODIST CHURCH HK WESLEY COLLEGE,HKDSE,HKDSE:5,B,A-,
987,JUPAS,HKMA K S LO COLLEGE,HKDSE,HKDSE:4,C-,B,
459,Mainland,Others,Mainland Gaokao (JEE),Mainland Gaokao (JEE):110-119,A-,A,
1080,JUPAS,TAK OI SECONDARY SCHOOL,HKDSE,HKDSE:5,C,B+,
831,Mainland Scholarship(Tuition),Others,Mainland Gaokao (JEE),Mainland Gaokao (JEE):>140,B+,A,
300,JUPAS,TIN SHUI WAI METHODIST COLLEGE,HKDSE,HKDSE:5*,B,A,
307,Mainland,Others,Mainland Gaokao (JEE),Mainland Gaokao (JEE):120-129,A,B-,
998,JUPAS,MA ON SHAN TSUNG TSIN SECONDARY SCHOOL,HKDSE,HKDSE:5,B,B-,
855,Mainland Fee-paying,Others,Mainland Gaokao (JEE),Mainland Gaokao (JEE):>140,B,A,
906,JUPAS,ST LOUIS SCHOOL,HKDSE,HKDSE:5,C+,A-,
413,JUPAS,Others,HKDSE,HKDSE:5,D,A,
429,JUPAS Appeal-in,ST BONAVENTURE COLLEGE & HIGH SCHOOL,HKDSE,HKDSE:4,C-,B+,
625,Mainland,Others,Mainland Gaokao (JEE),Mainland Gaokao (JEE):120-129,B-,A-,
1055,Mainland Scholarship(Tuition),Others,Mainland Gaokao (JEE),Mainland Gaokao (JEE):130-139,B-,F,
805,JUPAS,OUR LADY OF THE ROSARY COLLEGE,HKDSE,HKDSE:5,C+,B,
783,JUPAS,CCC MONG MAN WAI COLLEGE,HKDSE,HKDSE:4,D,F,
713,JUPAS,PLK CENTENARY LI SHIU CHUNG MEM COLL,HKDSE,HKDSE:5,C,B,
732,JUPAS,HKSYC&IA WONG TAI SHAN MEM COLL,HKDSE,HKDSE:4,C,B,
593,JUPAS,PO ON COMM ASSN WONG SIU CHING SEC SCH,HKDSE,HKDSE:4,D,B,
226,Mainland,Others,Mainland Gaokao (JEE),Mainland Gaokao (JEE):120-129,A,B+,
708,JUPAS,KING LING COLLEGE,HKDSE,HKDSE:4,D,B-,
913,JUPAS,QUEEN ELIZABETH SCHOOL,HKDSE,HKDSE:4,D+,B-,
999,JUPAS,SHUN LEE CATHOLIC SECONDARY SCHOOL,HKDSE,HKDSE:5*,C-,B+,
479,JUPAS,SKH TSANG SHIU TIM SECONDARY SCHOOL,HKDSE,HKDSE:5,B,C+,
201,Mainland,Others,Mainland Gaokao (JEE),Mainland Gaokao (JEE):120-129,A,A,
965,JUPAS,CCC KEI TO SEC SCH,HKDSE,HKDSE:5,D+,B-,
443,JUPAS,TSUEN WAN PUB HO CHUEN YIU MEMORIAL COLL,HKDSE,HKDSE:5,B+,A-,
749,Mainland Scholarship(Tuition),Others,Mainland Gaokao (JEE),Mainland Gaokao (JEE):120-129,B+,A-,
788,Mainland Fee-paying,Others,Mainland Gaokao (JEE),Mainland Gaokao (JEE):120-129,A,A,
1021,JUPAS,SKH LAM WOO MEMORIAL SECONDARY SCHOOL,HKDSE,HKDSE:3,B,B+,
446,JUPAS,Others,HKDSE,HKDSE:5*,B+,A,
815,JUPAS,Others,HKDSE,HKDSE:5,C-,B,
973,Mainland Scholarship(Tuition),Others,Mainland Gaokao (JEE),Mainland Gaokao (JEE):110-119,A,B,
1073,JUPAS,PHC WING KWONG COLLEGE,HKDSE,HKDSE:4,C+,B,
607,JUPAS,PUI CHING MIDDLE SCHOOL,HKDSE,HKDSE:5*,B-,A-,
716,JUPAS,HEUNG TO MIDDLE SCHOOL,HKDSE,HKDSE:4,B-,B,
810,JUPAS,CHINESE FOUNDATION SECONDARY SCHOOL,HKDSE,HKDSE:4,B,A,
707,JUPAS,PO LEUNG KUK NGAN PO LING COLLEGE,HKDSE,HKDSE:4,B-,B+,
599,JUPAS,FDBWA SZETO HO SECONDARY SCHOOL,HKDSE,HKDSE:5,B,A-,
729,Mainland,Others,Mainland Gaokao (JEE),Mainland Gaokao (JEE):130-139,A-,A,
408,JUPAS,Others,HKDSE,HKDSE:5,D+,C+,
1008,JUPAS,SOUTH TUEN MUN GOVERNMENT SEC SCH,HKDSE,HKDSE:4,A-,B,
629,JUPAS,CARMEL SECONDARY SCHOOL,HKDSE,HKDSE:4,A-,B,
491,JUPAS,ST JOSEPHS COLLEGE,HKDSE,HKDSE:5,C+,B+,
387,JUPAS,TSUEN WAN PUB HO CHUEN YIU MEMORIAL COLL,HKDSE,HKDSE:5*,C+,B+,
790,JUPAS,TWGH WONG FUT NAM COLLEGE,HKDSE,HKDSE:5,C-,B+,
809,JUPAS,GOOD HOPE SCHOOL,HKDSE,HKDSE:5,B-,A,
897,JUPAS,SKH LAM WOO MEMORIAL SECONDARY SCHOOL,HKDSE,HKDSE:5,A-,B-,
624,Mainland,Others,Mainland Gaokao (JEE),Mainland Gaokao (JEE):120-129,A-,A,
742,Mainland,Others,Mainland Gaokao (JEE),Mainland Gaokao (JEE):130-139,A,A-,
935,JUPAS,Others,HKDSE,HKDSE:5*,A,A,
1023,JUPAS,Others,HKDSE,HKDSE:4,B,C+,
521,JUPAS,KINGS COLLEGE,HKDSE,HKDSE:5*,B-,B,
438,JUPAS,CCC KEI CHI SECONDARY SCHOOL,HKDSE,HKDSE:5,B+,B+,
764,JUPAS,HONG KONG CHINESE WOMENS CLUB COLLEGE,HKDSE,HKDSE:4,C,B-,
981,JUPAS,Others,HKDSE,HKDSE:5,B-,B,
610,Mainland,Others,Mainland Gaokao (JEE),Mainland Gaokao (JEE):110-119,A-,B-,
340,JUPAS,Others,HKDSE,HKDSE:5,B,A-,
964,JUPAS,Others,HKDSE,HKDSE:5*,B+,A,
462,Mainland,Others,Mainland Gaokao (JEE),Mainland Gaokao (JEE):120-129,A,A,
560,JUPAS,STFA CHENG YU TUNG SECONDARY SCHOOL,HKDSE,HKDSE:5,B+,A,
304,Mainland,Others,Mainland Gaokao (JEE),Mainland Gaokao (JEE):130-139,A-,B+,
144,JUPAS,PLK MRS MA KAM MING CHEUNG FOOK SIEN COL,HKDSE,HKDSE:4,B+,B-,
774,JUPAS,PUI CHING MIDDLE SCHOOL,HKDSE,HKDSE:5*,A-,B+,
702,JUPAS,SING YIN SECONDARY SCHOOL,HKDSE,HKDSE:5,A,A-,
291,JUPAS,HO FUNG COLL (SPONSORED BY SIK SIK YUEN),HKDSE,HKDSE:5,A-,F,
1027,Mainland Fee-paying,Others,Mainland Gaokao (JEE),Mainland Gaokao (JEE):120-129,B,B+,
440,JUPAS,SHA TIN GOVERNMENT SECONDARY SCHOOL,HKDSE,HKDSE:5,B-,B-,
119,JUPAS,AOG HEBRON SECONDARY SCHOOL,HKDSE,HKDSE:5,B-,A-,
627,JUPAS,CHAN SUI KI (LA SALLE) COLLEGE,HKDSE,HKDSE:5*,A-,A-,
996,JUPAS,HKTA THE YUEN YUEN INT NO.2 SEC SCH,HKDSE,HKDSE:5,C-,B,
645,JUPAS,UNITED CHRISTIAN COLLEGE (KOWLOON EAST),HKDSE,HKDSE:5,C,B-,
534,JUPAS,HKCCC UNION LOGOS ACADEMY,HKDSE,HKDSE:5,C,B+,
698,JUPAS,Others,HKDSE,HKDSE:4,D,C,
225,JUPAS,PLK LEE SHING PIK COLLEGE,HKDSE,HKDSE:4,D,C-,
830,Mainland Fee-paying,Others,Mainland Gaokao (JEE),Mainland Gaokao (JEE):<110,B+,A-,
896,JUPAS,ST PAULS COLLEGE,HKDSE,HKDSE:4,D+,C-,
1064,JUPAS,HK & KLN KFWA SUN FONG CHUNG COLLEGE,HKDSE,HKDSE:5*,D,F,
1085,Mainland Fee-paying,Others,Mainland Gaokao (JEE),Mainland Gaokao (JEE):<110,A-,A,
969,JUPAS,ST LOUIS SCHOOL,HKDSE,HKDSE:5*,B+,B+,
494,JUPAS,STFA SEAWARD WOO COLLEGE,HKDSE,HKDSE:4,C+,C+,
817,JUPAS,ST BONAVENTURE COLLEGE & HIGH SCHOOL,HKDSE,HKDSE:4,B-,B+,
841,Mainland Fee-paying,Others,Mainland Gaokao (JEE),Mainland Gaokao (JEE):110-119,A-,A,
313,JUPAS,GT (ELLEN YEUNG) COLLEGE,HKDSE,HKDSE:4,B,B,
955,Mainland Fee-paying,Others,Mainland Gaokao (JEE),Mainland Gaokao (JEE):130-139,A,B,
552,JUPAS,OUR LADY OF THE ROSARY COLLEGE,HKDSE,HKDSE:5*,B,C,
839,JUPAS,Others,HKDSE,HKDSE:4,D,A-,
550,JUPAS,LAM TAI FAI COLLEGE,HKDSE,HKDSE:5*,A,A-,
94,JUPAS,YCH LIM POR YEN SECONDARY SCHOOL,HKDSE,HKDSE:5**,B+,A-,
287,Mainland,Others,Mainland Gaokao (JEE),Mainland Gaokao (JEE):>140,A,A-,
647,JUPAS,FANLING KAU YAN COLLEGE,HKDSE,HKDSE:5,B-,B+,
92,JUPAS,LIONS COLLEGE,HKDSE,HKDSE:4,B,C-,
642,JUPAS,SKH LAM WOO MEMORIAL SECONDARY SCHOOL,HKDSE,HKDSE:5,A-,B+,
727,JUPAS,SKH LUI MING CHOI SECONDARY SCHOOL,HKDSE,HKDSE:5,B,B-,
990,JUPAS,TUEN MUN CATHOLIC SECONDARY SCHOOL,HKDSE,HKDSE:4,B,B,
461,Mainland,Others,Mainland Gaokao (JEE),Mainland Gaokao (JEE):130-139,B,A-,
900,JUPAS,CHEUNG SHA WAN CATHOLIC SECONDARY SCHOOL,HKDSE,HKDSE:5*,B,B+,
129,JUPAS,PUI CHING MIDDLE SCHOOL,HKDSE,HKDSE:5**,A-,A,
528,JUPAS,SOUTH TUEN MUN GOVERNMENT SEC SCH,HKDSE,HKDSE:5,B+,A-,
335,JUPAS,TWGH LI KA SHING COLLEGE,HKDSE,HKDSE:5,C+,C+,
944,JUPAS,Others,HKDSE,HKDSE:5*,B-,B-,
1090,JUPAS,PENTECOSTAL LAM HON KWONG SCHOOL,HKDSE,HKDSE:5*,B-,A-,
1067,Mainland Fee-paying,Others,Mainland Gaokao (JEE),Mainland Gaokao (JEE):110-119,B+,A-,
898,JUPAS,SKH LAM KAU MOW SECONDARY SCHOOL,HKDSE,HKDSE:4,C+,B-,
1015,JUPAS,Others,HKDSE,HKDSE:4,C,C+,
795,JUPAS,Others,HKDSE,HKDSE:4,C+,C+,
957,JUPAS,CCC KEI LONG COLLEGE,HKDSE,HKDSE:5,B+,A-,
450,JUPAS,PUI CHING MIDDLE SCHOOL,HKDSE,HKDSE:5*,A-,A,
1039,JUPAS,ST FRANCIS CANOSSIAN COLLEGE,HKDSE,HKDSE:4,B-,C+,
274,JUPAS,WA YING COLLEGE,HKDSE,HKDSE:4,C,A-,
248,JUPAS,SKH LAM KAU MOW SECONDARY SCHOOL,HKDSE,HKDSE:5,B,B+,
187,JUPAS,CHINESE FOUNDATION SECONDARY SCHOOL,HKDSE,HKDSE:4,A-,B,
1005,JUPAS,PUI CHING MIDDLE SCHOOL,HKDSE,HKDSE:5**,A-,B+,
657,JUPAS,SING YIN SECONDARY SCHOOL,HKDSE,HKDSE:5,B+,B-,
903,JUPAS,METHODIST CHURCH HK WESLEY COLLEGE,HKDSE,HKDSE:5,B-,B-,
1079,JUPAS,Others,HKDSE,HKDSE:5,C,A-,
182,JUPAS,TSUEN WAN GOVERNMENT SECONDARY SCHOOL,HKDSE,HKDSE:5*,B-,D,
654,JUPAS,SING YIN SECONDARY SCHOOL,HKDSE,HKDSE:5*,B-,A-,
799,JUPAS,QUEEN ELIZABETH SCHOOL,HKDSE,HKDSE:5,B,A-,
679,JUPAS,SKH TANG SHIU KIN SECONDARY SCHOOL,HKDSE,HKDSE:4,C,C+,
586,Mainland,Others,Mainland Gaokao (JEE),Mainland Gaokao (JEE):110-119,B,A-,
142,JUPAS,TANG KING PO SCHOOL,HKDSE,HKDSE:4,B+,B-,
296,JUPAS,HKCCC UNION LOGOS ACADEMY,HKDSE,HKDSE:4,C,B,
983,Mainland Fee-paying,Others,Mainland Gaokao (JEE),Mainland Gaokao (JEE):110-119,B+,A,
1075,JUPAS,SHUNG TAK CATHOLIC ENGLISH COLLEGE,HKDSE,HKDSE:4,D,C-,
1043,JUPAS,QUEEN ELIZABETH SCHOOL,HKDSE,HKDSE:5*,A-,A-,
88,JUPAS,HKMA K S LO COLLEGE,HKDSE,HKDSE:4,C,C+,
375,JUPAS,TWGH WONG FUT NAM COLLEGE,HKDSE,HKDSE:5,B-,B+,
828,Mainland Fee-paying,Others,Mainland Gaokao (JEE),Mainland Gaokao (JEE):130-139,A,A,
909,JUPAS,EVANGEL COLLEGE,HKDSE,HKDSE:4,B-,B,
478,JUPAS,ST BONAVENTURE COLLEGE & HIGH SCHOOL,HKDSE,HKDSE:5,D+,B+,
706,JUPAS,LOK SIN TONG KU CHIU MAN SEC SCH,HKDSE,HKDSE:5,B-,B+,
802,JUPAS,ST ROSE OF LIMAS COLLEGE,HKDSE,HKDSE:4,C-,B+,
743,Mainland,Others,Mainland Gaokao (JEE),Mainland Gaokao (JEE):130-139,A,A,
911,JUPAS,Others,HKDSE,HKDSE:5**,A,A,
761,JUPAS,PUI KIU COLLEGE,HKDSE,HKDSE:4,D,C-,
895,JUPAS,YUEN LONG LUTHERAN SECONDARY SCHOOL,HKDSE,HKDSE:4,C,C+,
418,JUPAS,HOMANTIN GOVERNMENT SECONDARY SCHOOL,HKDSE,HKDSE:5,B+,A-,
189,JUPAS,MUNSANG COLLEGE (HONG KONG ISLAND),HKDSE,HKDSE:4,B,A-,
563,Mainland,Others,Mainland Gaokao (JEE),Mainland Gaokao (JEE):120-129,B+,A-,
886,JUPAS,CHRISTIAN ALLIANCE S C CHAN MEM COLL,HKDSE,HKDSE:4,C+,C+,
782,Mainland Fee-paying,Others,Mainland Gaokao (JEE),Mainland Gaokao (JEE):110-119,A-,A-,
588,Mainland,Others,Mainland Gaokao (JEE),Mainland Gaokao (JEE):130-139,B,B-,
452,JUPAS,HO YU COLL & PRI (SPON BY SIK SIK YUEN),HKDSE,HKDSE:5,C,A-,
502,JUPAS,PO LEUNG KUK HO YUK CHING (1984) COLLEGE,HKDSE,HKDSE:5,B,B+,
327,Mainland,Others,Mainland Gaokao (JEE),Mainland Gaokao (JEE):130-139,A,A,
505,JUPAS,CONFUCIAN TAI SHING HO KWOK PUI CHUN COLLEGE,HKDSE,HKDSE:5*,A-,A-,
499,JUPAS,LAM TAI FAI COLLEGE,HKDSE,HKDSE:4,B-,B+,
1018,JUPAS,CCC KEI YUEN COLLEGE,HKDSE,HKDSE:5,C+,B-,
511,JUPAS,Others,HKDSE,HKDSE:4,B+,A-,
310,JUPAS,Others,HKDSE,HKDSE:5,B+,B,
428,JUPAS,Others,HKDSE,HKDSE:5,A-,A,
881,JUPAS,YAN OI TONG TIN KA PING SECONDARY SCHOOL,HKDSE,HKDSE:4,B-,C+,
1062,JUPAS,CHRISTIAN ALLIANCE CHENG WING GEE COLL,HKDSE,HKDSE:4,B-,A-,
941,Mainland Scholarship(Tuition),Others,Mainland Gaokao (JEE),Mainland Gaokao (JEE):>140,B+,A-,
711,JUPAS,TSUEN WAN GOVERNMENT SECONDARY SCHOOL,HKDSE,HKDSE:5*,B+,A,
10,Mainland,Others,Mainland Gaokao (JEE),Mainland Gaokao (JEE):>140,A,A,
445,JUPAS,TWGH KAP YAN DIRECTORS COLLEGE,HKDSE,HKDSE:4,C-,C,
884,JUPAS,HOI PING CHAMBER OF COMMERCE SEC SCH,HKDSE,HKDSE:5,C,F,
791,JUPAS,CLEMENTI SECONDARY SCHOOL,HKDSE,HKDSE:4,B+,B-,
351,Mainland,Others,Mainland Gaokao (JEE),Mainland Gaokao (JEE):130-139,A-,C,
583,JUPAS,Others,HKDSE,HKDSE:5,B-,C+,
880,JUPAS,Others,HKDSE,HKDSE:5,C,B-,
1078,JUPAS,MARYKNOLL CONVENT SCH (SEC SECTION),HKDSE,HKDSE:5,C+,B+,
416,JUPAS,SKH LAM KAU MOW SECONDARY SCHOOL,HKDSE,HKDSE:4,B-,B-,
278,Mainland,Others,Mainland Gaokao (JEE),Mainland Gaokao (JEE):130-139,A,B+,
547,JUPAS,TRUE LIGHT GIRLS COLLEGE,HKDSE,HKDSE:5,C+,B,
561,Mainland,Others,Mainland Gaokao (JEE),Mainland Gaokao (JEE):120-129,B,A,
803,JUPAS,Others,HKDSE,HKDSE:4,B-,B+,
281,Mainland,Others,Mainland Gaokao (JEE),Mainland Gaokao (JEE):120-129,A-,B+,
380,JUPAS,KOWLOON SAM YUK SECONDARY SCHOOL,HKDSE,HKDSE:4,A-,A-,
437,JUPAS,LINGNAN SECONDARY SCHOOL,HKDSE,HKDSE:5,B,A-,
787,Mainland Fee-paying,Others,Mainland Gaokao (JEE),Mainland Gaokao (JEE):110-119,A-,B+,
549,JUPAS,KIANGSU-CHEKIANG COLLEGE (KWAI CHUNG),HKDSE,HKDSE:4,C+,B,
1056,Mainland Fee-paying,Others,Mainland Gaokao (JEE),Mainland Gaokao (JEE):110-119,A-,A,
120,Mainland,Others,Mainland Gaokao (JEE),Mainland Gaokao (JEE):120-129,A,A,
184,JUPAS,TACK CHING GIRLS SECONDARY SCHOOL,HKDSE,HKDSE:4,B,B-,
367,Mainland,Others,Mainland Gaokao (JEE),Mainland Gaokao (JEE):130-139,A,A,
731,JUPAS,POH 80TH ANNIVERSARY TANG YING HEI COLL,HKDSE,HKDSE:4,B+,A,
1094,Mainland Fee-paying,Others,Mainland Gaokao (JEE),Mainland Gaokao (JEE):120-129,A,A,
814,JUPAS,QUEENS COLL OLD BOYS ASSN SEC SCH,HKDSE,HKDSE:4,B,B,
754,JUPAS,SHATIN TSUNG TSIN SECONDARY SCHOOL,HKDSE,HKDSE:4,C+,B-,
454,Mainland,Others,Mainland Gaokao (JEE),Mainland Gaokao (JEE):110-119,B+,A-,
730,JUPAS,SING YIN SECONDARY SCHOOL,HKDSE,HKDSE:5,A-,A,
600,JUPAS Appeal-in,ST FRANCIS XAVIERS COLLEGE,HKDSE,HKDSE:4,B,B+,
778,JUPAS,YAN OI TONG TIN KA PING SECONDARY SCHOOL,HKDSE,HKDSE:5,B+,B,
1038,JUPAS,POPE PAUL VI COLLEGE,HKDSE,HKDSE:5*,C,B-,
988,JUPAS,TAK SUN SECONDARY SCHOOL,HKDSE,HKDSE:5,B,B+,
1087,Mainland Fee-paying,Others,Mainland Gaokao (JEE),Mainland Gaokao (JEE):<110,B-,B,
608,JUPAS,IMMACULATE HEART OF MARY COLLEGE,HKDSE,HKDSE:4,B+,B+,
397,JUPAS,CCC CHUEN YUEN COLLEGE,HKDSE,HKDSE:5*,B,B-,
883,JUPAS,CHEUNG CHUK SHAN COLLEGE,HKDSE,HKDSE:5,C+,B-,
902,JUPAS,SKH TSANG SHIU TIM SECONDARY SCHOOL,HKDSE,HKDSE:5,B-,A-,
953,Mainland Fee-paying,Others,Mainland Gaokao (JEE),Mainland Gaokao (JEE):120-129,A-,A-,
415,JUPAS,PUI CHING MIDDLE SCHOOL,HKDSE,HKDSE:5*,B+,A,
836,Mainland Fee-paying,Others,Mainland Gaokao (JEE),Mainland Gaokao (JEE):120-129,B,B,
851,Mainland Fee-paying,Others,Mainland Gaokao (JEE),Mainland Gaokao (JEE):130-139,B+,A,
577,JUPAS,Others,HKDSE,HKDSE:5,A-,B+,
1051,JUPAS,TSUEN WAN PUB HO CHUEN YIU MEMORIAL COLL,HKDSE,HKDSE:5*,A-,A-,
303,Mainland,Others,Mainland Gaokao (JEE),Mainland Gaokao (JEE):130-139,A-,B+,
207,Mainland,Others,Mainland Gaokao (JEE),Mainland Gaokao (JEE):130-139,A-,B-,
725,Mainland,Others,Mainland Gaokao (JEE),Mainland Gaokao (JEE):120-129,B+,A-,
507,JUPAS,TSUEN WAN PUB HO CHUEN YIU MEMORIAL COLL,HKDSE,HKDSE:5*,B-,B-,
1093,Mainland Scholarship(Tuition),Others,Mainland Gaokao (JEE),Mainland Gaokao (JEE):>140,B+,A-,
474,JUPAS,SING YIN SECONDARY SCHOOL,HKDSE,HKDSE:4,B,A,
471,JUPAS,OUR LADY OF THE ROSARY COLLEGE,HKDSE,HKDSE:5*,B-,B,
724,JUPAS,SING YIN SECONDARY SCHOOL,HKDSE,HKDSE:4,B,B,
1059,Mainland Fee-paying,Others,Mainland Gaokao (JEE),Mainland Gaokao (JEE):>140,A-,A,
1061,Mainland Fee-paying,Others,Mainland Gaokao (JEE),Mainland Gaokao (JEE):120-129,B+,A-,
653,JUPAS,KWOK TAK SENG CATHOLIC SECONDARY SCHOOL,HKDSE,HKDSE:4,B-,C,
407,JUPAS,Others,HKDSE,HKDSE:5,C+,B,
545,JUPAS,POPE PAUL VI COLLEGE,HKDSE,HKDSE:5*,A-,A-,
1068,JUPAS,WONG SHIU CHI SECONDARY SCHOOL,HKDSE,HKDSE:5,B-,C-,
172,JUPAS,SKH LAM WOO MEMORIAL SECONDARY SCHOOL,HKDSE,HKDSE:4,B,C+,
762,JUPAS,SKH LAM WOO MEMORIAL SECONDARY SCHOOL,HKDSE,HKDSE:4,B-,B,
715,Mainland,Others,Mainland Gaokao (JEE),Mainland Gaokao (JEE):130-139,B,B+,
611,JUPAS,YING WA COLLEGE,HKDSE,HKDSE:4,C,A-,
374,JUPAS,LOK SIN TONG KU CHIU MAN SEC SCH,HKDSE,HKDSE:5,B,B,
399,JUPAS,METHODIST CHURCH HK WESLEY COLLEGE,HKDSE,HKDSE:4,B-,C+,
1007,JUPAS,TRUE LIGHT GIRLS COLLEGE,HKDSE,HKDSE:5*,B-,B+,
506,JUPAS,CCC MONG MAN WAI COLLEGE,HKDSE,HKDSE:5*,B,B+,
1033,JUPAS,ST LOUIS SCHOOL,HKDSE,HKDSE:4,C+,B-,
950,Mainland Fee-paying,Others,Mainland Gaokao (JEE),Mainland Gaokao (JEE):130-139,A-,B,
945,JUPAS,PUI CHING MIDDLE SCHOOL,HKDSE,HKDSE:4,C+,B-,
109,JUPAS,VALTORTA COLLEGE,HKDSE,HKDSE:5**,A-,A,
447,JUPAS,HKRSS TAI PO SECONDARY SCHOOL,HKDSE,HKDSE:5,C-,B-,
1046,JUPAS,HELEN LIANG MEMORIAL SEC SCH (SHATIN),HKDSE,HKDSE:5,A-,B+,
832,JUPAS,BUDDHIST SIN TAK COLLEGE,HKDSE,HKDSE:5*,B+,B+,
609,JUPAS,FANLING RHENISH CHURCH SECONDARY SCHOOL,HKDSE,HKDSE:5*,B+,B,
739,JUPAS,Others,HKDSE,HKDSE:4,C-,C,
240,JUPAS,SKH BISHOP MOK SAU TSENG SEC SCH,HKDSE,HKDSE:5*,A-,A-,
928,JUPAS,CARMEL SECONDARY SCHOOL,HKDSE,HKDSE:4,B-,B+,
937,Mainland Fee-paying,Others,Mainland Gaokao (JEE),Mainland Gaokao (JEE):110-119,B,B,
417,Mainland,Others,Mainland Gaokao (JEE),Mainland Gaokao (JEE):110-119,A-,A,
918,JUPAS,CHEUNG SHA WAN CATHOLIC SECONDARY SCHOOL,HKDSE,HKDSE:4,C,C-,
786,JUPAS,YWCA HIOE TJO YOENG COLLEGE,HKDSE,HKDSE:4,A-,A-,
546,JUPAS,KWUN TONG MARYKNOLL COLLEGE,HKDSE,HKDSE:5*,A,A,
633,JUPAS,PLK LO KIT SING (1983) COLLEGE,HKDSE,HKDSE:5*,B-,A-,
875,JUPAS,RAIMONDI COLLEGE,HKDSE,HKDSE:5*,B-,B,
1024,Mainland Scholarship(Tuition),Others,Mainland Gaokao (JEE),Mainland Gaokao (JEE):130-139,B,A,
98,JUPAS,HK SKH BISHOP HALL SECONDARY SCHOOL,HKDSE,HKDSE:5**,B+,B+,
376,Mainland,Others,Mainland Gaokao (JEE),Mainland Gaokao (JEE):130-139,B+,B+,
510,JUPAS,Others,HKDSE,HKDSE:5,B,B+,
589,JUPAS,HEEP YUNN SCHOOL,HKDSE,HKDSE:5,C+,B,
422,JUPAS,CHRIST COLLEGE,HKDSE,HKDSE:5,D+,C,
541,JUPAS,KING LING COLLEGE,HKDSE,HKDSE:5,D,F,
720,Mainland,Others,Mainland Gaokao (JEE),Mainland Gaokao (JEE):>140,A,B+,
473,Mainland,Others,Mainland Gaokao (JEE),Mainland Gaokao (JEE):130-139,B-,C+,
737,JUPAS,PUI CHING MIDDLE SCHOOL,HKDSE,HKDSE:5*,A,A,
768,JUPAS,Others,HKDSE,HKDSE:5,D+,B,
269,Mainland,Others,Mainland Gaokao (JEE),Mainland Gaokao (JEE):130-139,A,A-,
861,JUPAS,SKH LUI MING CHOI SECONDARY SCHOOL,HKDSE,HKDSE:4,D+,C+,
1010,JUPAS,SHUN LEE CATHOLIC SECONDARY SCHOOL,HKDSE,HKDSE:5,B-,B+,
997,Mainland Fee-paying,Others,Mainland Gaokao (JEE),Mainland Gaokao (JEE):120-129,B-,C,
62,JUPAS,YWCA HIOE TJO YOENG COLLEGE,HKDSE,HKDSE:4,B,B+,
751,JUPAS,Others,HKDSE,HKDSE:5*,B-,A-,
921,JUPAS,TIN SHUI WAI GOVERNMENT SECONDARY SCHOOL,HKDSE,HKDSE:4,B,C+,
826,JUPAS,GOOD HOPE SCHOOL,HKDSE,HKDSE:5,B-,B+,
1088,JUPAS,HEUNG TO MIDDLE SCHOOL,HKDSE,HKDSE:4,C,B-,
377,Mainland,Others,Mainland Gaokao (JEE),Mainland Gaokao (JEE):>140,A-,A-,
457,JUPAS,"WAH YAN COLLEGE, HONG KONG",HKDSE,HKDSE:5*,A,B+,
649,JUPAS,SING YIN SECONDARY SCHOOL,HKDSE,HKDSE:5,C,B+,
331,Mainland,Others,Mainland Gaokao (JEE),Mainland Gaokao (JEE):>140,A,B+,
260,Mainland,Others,Mainland Gaokao (JEE),Mainland Gaokao (JEE):130-139,A,B,
509,JUPAS,HONG KONG TRUE LIGHT COLLEGE,HKDSE,HKDSE:5,B-,B+,
492,JUPAS,Others,HKDSE,HKDSE:5,B-,A-,
929,Mainland Fee-paying,Others,Mainland Gaokao (JEE),Mainland Gaokao (JEE):120-129,A-,B+,
744,Mainland,Others,Mainland Gaokao (JEE),Mainland Gaokao (JEE):130-139,A,B,
899,JUPAS,STFA LEUNG KAU KUI COLLEGE,HKDSE,HKDSE:5,B,B+,
1074,JUPAS,SKH TSANG SHIU TIM SECONDARY SCHOOL,HKDSE,HKDSE:4,C-,D,
738,JUPAS,POPE PAUL VI COLLEGE,HKDSE,HKDSE:4,C+,C+,
305,Mainland,Others,Mainland Gaokao (JEE),Mainland Gaokao (JEE):130-139,A,A-,
434,JUPAS,CCC KEI YUEN COLLEGE,HKDSE,HKDSE:4,B-,F,
1016,JUPAS,HK AND MACAU LU CH QUEEN MAUD SEC SCH,HKDSE,HKDSE:5,D,C,
183,JUPAS,HONG KONG CHINESE WOMENS CLUB COLLEGE,HKDSE,HKDSE:5,B-,F,
101,JUPAS,CHRISTIAN ALLIANCE S W CHAN MEM COLL,HKDSE,HKDSE:5,B-,B-,
682,JUPAS,RHENISH CHURCH PANG HOK-KO MEMORIAL COLL,HKDSE,HKDSE:5,B-,B+,
936,Mainland Fee-paying,Others,Mainland Gaokao (JEE),Mainland Gaokao (JEE):130-139,B-,B-,
801,JUPAS,MA ON SHAN TSUNG TSIN SECONDARY SCHOOL,HKDSE,HKDSE:5*,B-,B,
878,JUPAS,JOCKEY CLUB TI-I COLLEGE,HKDSE,HKDSE:4,B-,C+,
1082,JUPAS,TSEUNG KWAN O GOVERNMENT SEC SCHOOL,HKDSE,HKDSE:5,A,B+,
769,JUPAS,Others,HKDSE,HKDSE:5,B-,B,
671,JUPAS,ST FRANCIS XAVIERS COLLEGE,HKDSE,HKDSE:4,C,C+,
865,JUPAS,TIN KA PING SECONDARY SCHOOL,HKDSE,HKDSE:5,D,D+,
569,JUPAS,YAN OI TONG TIN KA PING SECONDARY SCHOOL,HKDSE,HKDSE:4,B-,B,
662,JUPAS,Others,HKDSE,HKDSE:4,B,B,
355,Mainland,Others,Mainland Gaokao (JEE),Mainland Gaokao (JEE):130-139,A-,A,
601,JUPAS,STFA TAM PAK YU COLLEGE,HKDSE,HKDSE:5,A-,A-,
314,JUPAS,Others,HKDSE,HKDSE:5,B-,B-,
330,Mainland,Others,Mainland Gaokao (JEE),Mainland Gaokao (JEE):130-139,B+,A,
623,Mainland,Others,Mainland Gaokao (JEE),Mainland Gaokao (JEE):130-139,B,B+,
483,JUPAS,FANLING KAU YAN COLLEGE,HKDSE,HKDSE:5,B,B,
853,JUPAS,SKH LAM WOO MEMORIAL SECONDARY SCHOOL,HKDSE,HKDSE:5*,B,B,
971,JUPAS,ST LOUIS SCHOOL,HKDSE,HKDSE:5,B-,A,
383,JUPAS,LAI KING CATHOLIC SECONDARY SCHOOL,HKDSE,HKDSE:4,C-,B,
1086,JUPAS,KIANGSU-CHEKIANG COLLEGE (KWAI CHUNG),HKDSE,HKDSE:5,C,B-,
36,JUPAS,STFA LEUNG KAU KUI COLLEGE,HKDSE,HKDSE:5,B-,B+,
1057,JUPAS,PUI CHING MIDDLE SCHOOL,HKDSE,HKDSE:4,D,B,
202,JUPAS,SHAU KEI WAN GOVERNMENT SECONDARY SCHOOL,HKDSE,HKDSE:5*,B,C-,
571,JUPAS,LA SALLE COLLEGE,HKDSE,HKDSE:5,B+,B+,
1044,JUPAS,YAN OI TONG TIN KA PING SECONDARY SCHOOL,HKDSE,HKDSE:4,B,B+,
385,JUPAS,Others,HKDSE,HKDSE:5*,A-,A,
718,JUPAS,Others,HKDSE,HKDSE:5,B,B+,
915,JUPAS,ST PAULS CO-EDUCATIONAL COLLEGE,HKDSE,HKDSE:4,D+,B-,
606,JUPAS,TAK SUN SECONDARY SCHOOL,HKDSE,HKDSE:4,B-,B-,
728,JUPAS,HKMA K S LO COLLEGE,HKDSE,HKDSE:5*,B+,A-,
924,JUPAS,KWOK TAK SENG CATHOLIC SECONDARY SCHOOL,HKDSE,HKDSE:5,B+,A,
753,JUPAS,Others,HKDSE,HKDSE:4,B-,C+,
426,JUPAS,LAI KING CATHOLIC SECONDARY SCHOOL,HKDSE,HKDSE:4,B,B,
219,JUPAS,SALEM-IMMANUEL LUTHERAN COLLEGE,HKDSE,HKDSE:5*,B+,B,
1037,JUPAS,YUEN LONG LUTHERAN SECONDARY SCHOOL,HKDSE,HKDSE:5*,A-,B,
535,JUPAS,PUI CHING MIDDLE SCHOOL,HKDSE,HKDSE:5,B+,A,
1065,JUPAS,MUNSANG COLLEGE,HKDSE,HKDSE:4,D,C+,
1028,Mainland Scholarship(Tuition),Others,Mainland Gaokao (JEE),Mainland Gaokao (JEE):130-139,A,A,
25,JUPAS,MUNSANG COLLEGE (HONG KONG ISLAND),HKDSE,HKDSE:4,B,A-,
785,Mainland Scholarship(Tuition),Others,Mainland Gaokao (JEE),Mainland Gaokao (JEE):120-129,B,C+,
857,Mainland Fee-paying,Others,Mainland Gaokao (JEE),Mainland Gaokao (JEE):130-139,B,B,
867,Mainland Fee-paying,Others,Mainland Gaokao (JEE),Mainland Gaokao (JEE):130-139,A-,B+,
605,JUPAS,PLK NO.1 WH CHEUNG COLLEGE,HKDSE,HKDSE:4,A-,A-,
926,Mainland Fee-paying,Others,Mainland Gaokao (JEE),Mainland Gaokao (JEE):>140,B-,B,
882,JUPAS,CHRISTIAN ALLIANCE CHENG WING GEE COLL,HKDSE,HKDSE:4,D,F,
410,Mainland,Others,Mainland Gaokao (JEE),Mainland Gaokao (JEE):130-139,B+,B,
614,JUPAS,KING LING COLLEGE,HKDSE,HKDSE:4,B,B+,
540,JUPAS,ST FRANCIS XAVIERS COLLEGE,HKDSE,HKDSE:4,B-,B,
991,JUPAS,HOLY FAMILY CANOSSIAN COLLEGE,HKDSE,HKDSE:4,B-,C+,
1030,JUPAS,ELEGANTIA COLLEGE (SPONSORED BY ED CONV),HKDSE,HKDSE:5,C+,B,
559,JUPAS,SKH LAM WOO MEMORIAL SECONDARY SCHOOL,HKDSE,HKDSE:5*,A-,A-,
131,Mainland,Others,Mainland Gaokao (JEE),Mainland Gaokao (JEE):130-139,A,A,
697,JUPAS,Others,HKDSE,HKDSE:5*,C,B-,
952,JUPAS,MUNSANG COLLEGE,HKDSE,HKDSE:4,B,B,
1042,JUPAS,SHUNG TAK CATHOLIC ENGLISH COLLEGE,HKDSE,HKDSE:5,B,A-,
361,JUPAS,Others,HKDSE,HKDSE:5,C+,F,
670,JUPAS,PUI CHING MIDDLE SCHOOL,HKDSE,HKDSE:5*,A,A-,
458,JUPAS,KAU YAN COLLEGE,HKDSE,HKDSE:5,B+,B+,
813,JUPAS,SHA TIN GOVERNMENT SECONDARY SCHOOL,HKDSE,HKDSE:5,B,B+,
1020,JUPAS,CARMEL SECONDARY SCHOOL,HKDSE,HKDSE:4,D+,C+,
879,JUPAS,FANLING LUTHERAN SECONDARY SCHOOL,HKDSE,HKDSE:5*,A-,A-,
168,JUPAS,FUKIEN SECONDARY SCHOOL,HKDSE,HKDSE:5*,A-,B+,
838,JUPAS,RAIMONDI COLLEGE,HKDSE,HKDSE:4,C,B-,
710,JUPAS,COGNITIO COLLEGE (HONG KONG),HKDSE,HKDSE:5,B,A-,
420,JUPAS,"WAH YAN COLLEGE, KOWLOON",HKDSE,HKDSE:4,B,B+,
681,JUPAS,PLK MRS MA KAM MING CHEUNG FOOK SIEN COL,HKDSE,HKDSE:5,B-,B,
411,JUPAS,Others,HKDSE,HKDSE:4,B-,A-,
525,JUPAS,SHA TIN GOVERNMENT SECONDARY SCHOOL,HKDSE,HKDSE:5,C,B+,
1060,Mainland Scholarship(Tuition),Others,Mainland Gaokao (JEE),Mainland Gaokao (JEE):130-139,A,A,
892,JUPAS,CHINESE YMCA COLLEGE,HKDSE,HKDSE:5,D,C,
951,JUPAS,TWGH CHEN ZAO MEN COLLEGE,HKDSE,HKDSE:5,B-,B,
847,JUPAS,HK AND MACAU LU CH QUEEN MAUD SEC SCH,HKDSE,HKDSE:5,D,C+,
767,JUPAS,YAN OI TONG TIN KA PING SECONDARY SCHOOL,HKDSE,HKDSE:5,B,B,
712,JUPAS,TACK CHING GIRLS SECONDARY SCHOOL,HKDSE,HKDSE:4,C,B,
916,JUPAS,Others,HKDSE,HKDSE:5,C,B,
50,JUPAS,Others,HKDSE,HKDSE:5,B-,C+,
213,JUPAS,SING YIN SECONDARY SCHOOL,HKDSE,HKDSE:5,A-,A-,
553,Mainland,Others,Mainland Gaokao (JEE),Mainland Gaokao (JEE):130-139,A,A,
943,JUPAS,Others,HKDSE,HKDSE:5*,A-,A,
806,JUPAS,CHRISTIAN ALLIANCE S C CHAN MEM COLL,HKDSE,HKDSE:4,B,B+,
466,JUPAS,YUEN LONG PUBLIC SECONDARY SCHOOL,HKDSE,HKDSE:5,B-,C+,
234,Mainland,Others,Mainland Gaokao (JEE),Mainland Gaokao (JEE):120-129,A,A-,
824,JUPAS,BISHOP HALL JUBILEE SCHOOL,HKDSE,HKDSE:5,B-,B+,
329,Mainland,Others,Mainland Gaokao (JEE),Mainland Gaokao (JEE):130-139,A,B-,
736,JUPAS,YUEN LONG PUBLIC SECONDARY SCHOOL,HKDSE,HKDSE:5,A-,A-,
848,JUPAS,BELILIOS PUBLIC SCHOOL,HKDSE,HKDSE:5,B,B+,
800,JUPAS,YAN OI TONG TIN KA PING SECONDARY SCHOOL,HKDSE,HKDSE:5,B+,A-,
631,Mainland,Others,Mainland Gaokao (JEE),Mainland Gaokao (JEE):130-139,A-,A,
859,JUPAS,SING YIN SECONDARY SCHOOL,HKDSE,HKDSE:5,C,C,
564,JUPAS,Others,HKDSE,HKDSE:5,B-,B,
932,JUPAS,SKH TANG SHIU KIN SECONDARY SCHOOL,HKDSE,HKDSE:4,B,B+,
1072,Mainland Scholarship(Tuition),Others,Mainland Gaokao (JEE),Mainland Gaokao (JEE):120-129,B,A,
901,JUPAS,YING WA COLLEGE,HKDSE,HKDSE:4,B,B-,
755,JUPAS,SHA TIN METHODIST COLLEGE,HKDSE,HKDSE:5,C-,F,
714,Mainland,Others,Mainland Gaokao (JEE),Mainland Gaokao (JEE):120-129,B+,A,
1095,Mainland Fee-paying,Others,Mainland Gaokao (JEE),Mainland Gaokao (JEE):120-129,C+,B-,
781,JUPAS,CCC HEEP WOH COLLEGE,HKDSE,HKDSE:5*,A-,A-,
970,JUPAS,YAN OI TONG TIN KA PING SECONDARY SCHOOL,HKDSE,HKDSE:5*,B+,A-,
386,JUPAS,KING LING COLLEGE,HKDSE,HKDSE:5,B,B,
82,JUPAS,CCC CHUEN YUEN COLLEGE,HKDSE,HKDSE:5,B,F,
947,JUPAS,Others,HKDSE,HKDSE:4,B,A-,
1092,Mainland Fee-paying,Others,Mainland Gaokao (JEE),Mainland Gaokao (JEE):120-129,B,B+,
272,JUPAS,HEUNG TO MIDDLE SCHOOL,HKDSE,HKDSE:4,B-,C-,
232,JUPAS,STFA YUNG YAU COLLEGE,HKDSE,HKDSE:5,D,D+,
719,Mainland,Others,Mainland Gaokao (JEE),Mainland Gaokao (JEE):120-129,D+,A-,
747,Mainland Scholarship(Tuition),Others,Mainland Gaokao (JEE),Mainland Gaokao (JEE):110-119,B-,B,
613,JUPAS,TSUNG TSIN COLLEGE,HKDSE,HKDSE:5*,B-,D,
423,JUPAS,KWUN TONG GOVERNMENT SECONDARY SCHOOL,HKDSE,HKDSE:5**,B+,B+,
524,JUPAS,NTHYK YUEN LONG DISTRICT SECONDARY SCH,HKDSE,HKDSE:5,A-,A,
993,Mainland Fee-paying,Others,Mainland Gaokao (JEE),Mainland Gaokao (JEE):120-129,A,A-,
811,JUPAS,KWUN TONG GOVERNMENT SECONDARY SCHOOL,HKDSE,HKDSE:5,C,B,
29,JUPAS,PO LEUNG KUK LAWS FOUNDATION COLLEGE,HKDSE,HKDSE:4,B+,B-,
132,Mainland,Others,Mainland Gaokao (JEE),Mainland Gaokao (JEE):130-139,A,A,
741,Mainland,Others,Mainland Gaokao (JEE),Mainland Gaokao (JEE):130-139,C,A-,
852,JUPAS,RAIMONDI COLLEGE,HKDSE,HKDSE:4,D,B+,
515,JUPAS,SHAU KEI WAN GOVERNMENT SECONDARY SCHOOL,HKDSE,HKDSE:5*,A-,B+,
696,JUPAS,ST PAULS SECONDARY SCHOOL,HKDSE,HKDSE:5*,A-,A-,
322,JUPAS,SKH LAM KAU MOW SECONDARY SCHOOL,HKDSE,HKDSE:4,B,C,
130,JUPAS,TWGH LI KA SHING COLLEGE,HKDSE,HKDSE:5,C+,C-,
265,Mainland,Others,Mainland Gaokao (JEE),Mainland Gaokao (JEE):130-139,A,B-,
567,Mainland,Others,Mainland Gaokao (JEE),Mainland Gaokao (JEE):110-119,B,A,
804,JUPAS,CHINESE FOUNDATION SECONDARY SCHOOL,HKDSE,HKDSE:4,B-,A,
758,JUPAS,PUI CHING MIDDLE SCHOOL,HKDSE,HKDSE:5*,B+,B,
837,Mainland Fee-paying,Others,Mainland Gaokao (JEE),Mainland Gaokao (JEE):120-129,B-,A,
590,JUPAS,CCC HEEP WOH COLLEGE,HKDSE,HKDSE:5,B-,B,
55,JUPAS,KWOK TAK SENG CATHOLIC SECONDARY SCHOOL,HKDSE,HKDSE:5,B,B,
1026,Mainland Fee-paying,Others,Mainland Gaokao (JEE),Mainland Gaokao (JEE):130-139,C+,B,
986,JUPAS,Others,HKDSE,HKDSE:4,C+,B+,
833,Mainland Scholarship(Tuition),Others,Mainland Gaokao (JEE),Mainland Gaokao (JEE):130-139,B+,A,
779,JUPAS,TUEN MUN GOVERNMENT SECONDARY SCHOOL,HKDSE,HKDSE:4,B-,B,
665,JUPAS,Others,HKDSE,HKDSE:5,B+,B+,
261,Mainland,Others,Mainland Gaokao (JEE),Mainland Gaokao (JEE):130-139,A,B,
938,JUPAS,Others,HKDSE,HKDSE:4,C+,A-,
948,JUPAS,Others,HKDSE,HKDSE:4,B-,B+,
388,JUPAS,KINGS COLLEGE,HKDSE,HKDSE:5*,B,B+,
927,Mainland Fee-paying,Others,Mainland Gaokao (JEE),Mainland Gaokao (JEE):<110,C+,B,
382,JUPAS,HKWMA CHU SHEK LUN SECONDARY SCHOOL,HKDSE,HKDSE:5,C-,C,
912,JUPAS,COGNITIO COLLEGE (HONG KONG),HKDSE,HKDSE:4,C,B,
825,JUPAS,FANLING RHENISH CHURCH SECONDARY SCHOOL,HKDSE,HKDSE:5,B,A-,
887,JUPAS,STFA TAM PAK YU COLLEGE,HKDSE,HKDSE:4,B,B+,
994,JUPAS,CHONG GENE HANG COLLEGE,HKDSE,HKDSE:4,B-,B+,
925,JUPAS,CNEC LEE I YAO MEMORIAL SECONDARY SCHOOL,HKDSE,HKDSE:4,D,B,
562,Mainland,Others,Mainland Gaokao (JEE),Mainland Gaokao (JEE):130-139,B,A-,
516,JUPAS,YING WA COLLEGE,HKDSE,HKDSE:5,B,A-,
796,JUPAS,PLK MRS MA KAM MING CHEUNG FOOK SIEN COL,HKDSE,HKDSE:4,B-,B,
576,JUPAS,YWCA HIOE TJO YOENG COLLEGE,HKDSE,HKDSE:4,A-,B+,
750,Mainland Fee-paying,Others,Mainland Gaokao (JEE),Mainland Gaokao (JEE):120-129,C+,C,
939,Mainland Fee-paying,Others,Mainland Gaokao (JEE),Mainland Gaokao (JEE):130-139,A-,B+,
328,JUPAS,PO LEUNG KUK LAWS FOUNDATION COLLEGE,HKDSE,HKDSE:5**,B+,B+,
551,Mainland,Others,Mainland Gaokao (JEE),Mainland Gaokao (JEE):120-129,B+,B+,
396,JUPAS,SKH LAM WOO MEMORIAL SECONDARY SCHOOL,HKDSE,HKDSE:5*,B-,B+,
37,JUPAS,METHODIST CHURCH HK WESLEY COLLEGE,HKDSE,HKDSE:5,D,D+,
368,Mainland,Others,Mainland Gaokao (JEE),Mainland Gaokao (JEE):>140,A,A-,
455,JUPAS,CHINESE YMCA SECONDARY SCHOOL,HKDSE,HKDSE:5**,A-,B+,
403,JUPAS,CHRISTIAN ALLIANCE S W CHAN MEM COLL,HKDSE,HKDSE:5,C+,A-,
256,JUPAS,ST MARKS SCHOOL,HKDSE,HKDSE:4,C-,D,
845,JUPAS,HKFEW WONG CHO BAU SECONDARY SCHOOL,HKDSE,HKDSE:5,C,C+,
542,JUPAS,NING PO NO.2 COLLEGE,HKDSE,HKDSE:5,B+,B,
717,JUPAS,CHINESE YMCA COLLEGE,HKDSE,HKDSE:5,B-,B+,
784,Mainland Fee-paying,Others,Mainland Gaokao (JEE),Mainland Gaokao (JEE):120-129,A-,A-,
677,JUPAS,KING LING COLLEGE,HKDSE,HKDSE:5*,A-,B,
555,JUPAS,SING YIN SECONDARY SCHOOL,HKDSE,HKDSE:5,B+,B+,
325,Mainland,Others,Mainland Gaokao (JEE),Mainland Gaokao (JEE):>140,A-,B-,
543,JUPAS,METHODIST CHURCH HK WESLEY COLLEGE,HKDSE,HKDSE:5,A-,B,
922,JUPAS,ST FRANCIS CANOSSIAN COLLEGE,HKDSE,HKDSE:5,D+,B+,
735,JUPAS,SALEM-IMMANUEL LUTHERAN COLLEGE,HKDSE,HKDSE:4,B+,B,
675,Mainland,Others,Mainland Gaokao (JEE),Mainland Gaokao (JEE):130-139,B+,B,
740,Mainland,Others,Mainland Gaokao (JEE),Mainland Gaokao (JEE):120-129,B,A,
1089,Mainland Fee-paying,Others,Mainland Gaokao (JEE),Mainland Gaokao (JEE):130-139,B+,A-,
241,JUPAS,PUI CHING MIDDLE SCHOOL,HKDSE,HKDSE:5*,A,A-,
684,JUPAS,SING YIN SECONDARY SCHOOL,HKDSE,HKDSE:4,B,A-,
643,JUPAS,SKH CHAN YOUNG SECONDARY SCHOOL,HKDSE,HKDSE:5,B+,A-,
920,JUPAS,STFA TAM PAK YU COLLEGE,HKDSE,HKDSE:4,B,A-,
17,JUPAS,TSUEN WAN PUB HO CHUEN YIU MEMORIAL COLL,HKDSE,HKDSE:5,B+,B+,
602,JUPAS,SING YIN SECONDARY SCHOOL,HKDSE,HKDSE:5*,A-,A,
520,JUPAS,BUDDHIST WONG FUNG LING COLLEGE,HKDSE,HKDSE:4,B-,B+,
949,JUPAS,YWCA HIOE TJO YOENG COLLEGE,HKDSE,HKDSE:5,A,B-,
451,Mainland,Others,Mainland Gaokao (JEE),Mainland Gaokao (JEE):120-129,A,A,
1022,JUPAS,HO LAP COLL (SPSD BY THE SIK SIK YUEN),HKDSE,HKDSE:5,C+,C-,
405,JUPAS,YING WA GIRLS SCHOOL,HKDSE,HKDSE:4,B-,C,
934,JUPAS,VALTORTA COLLEGE,HKDSE,HKDSE:4,D,B-,
1013,JUPAS,YWCA HIOE TJO YOENG COLLEGE,HKDSE,HKDSE:4,B,B+,
864,JUPAS,CCC MING KEI COLLEGE,HKDSE,HKDSE:5,A,B,
967,JUPAS,HKSYC&IA WONG TAI SHAN MEM COLL,HKDSE,HKDSE:5,B-,B,
812,JUPAS,Others,HKDSE,HKDSE:4,C+,B,
780,Mainland Fee-paying,Others,Mainland Gaokao (JEE),Mainland Gaokao (JEE):130-139,B+,A-,
1017,JUPAS,YWCA HIOE TJO YOENG COLLEGE,HKDSE,HKDSE:5,B,B,
412,Mainland,Others,Mainland Gaokao (JEE),Mainland Gaokao (JEE):<110,C-,B+,
372,Mainland,Others,Mainland Gaokao (JEE),Mainland Gaokao (JEE):130-139,A-,A,
518,JUPAS,CCC MONG MAN WAI COLLEGE,HKDSE,HKDSE:5*,A,A,
977,JUPAS,SHUN LEE CATHOLIC SECONDARY SCHOOL,HKDSE,HKDSE:4,B-,B+,
854,Mainland Fee-paying,Others,Mainland Gaokao (JEE),Mainland Gaokao (JEE):130-139,B,B+,
1040,JUPAS,YAN OI TONG TIN KA PING SECONDARY SCHOOL,HKDSE,HKDSE:5,A-,B,
776,JUPAS,STFA LEUNG KAU KUI COLLEGE,HKDSE,HKDSE:5*,A,A,
685,JUPAS,SHUN LEE CATHOLIC SECONDARY SCHOOL,HKDSE,HKDSE:5,B,B-,
876,JUPAS,CLEMENTI SECONDARY SCHOOL,HKDSE,HKDSE:4,C-,C,
392,JUPAS,CARMEL SECONDARY SCHOOL,HKDSE,HKDSE:5,B,B+,
1036,JUPAS,Others,HKDSE,HKDSE:4,C,B,
889,JUPAS,ST JOSEPHS COLLEGE,HKDSE,HKDSE:5*,C+,B-,
366,Mainland,Others,Mainland Gaokao (JEE),Mainland Gaokao (JEE):120-129,A-,A,
365,Mainland,Others,Mainland Gaokao (JEE),Mainland Gaokao (JEE):>140,A-,B+,
856,JUPAS,TANG KING PO SCHOOL,HKDSE,HKDSE:4,D+,B-,
394,JUPAS,STFA LEUNG KAU KUI COLLEGE,HKDSE,HKDSE:5**,B+,A,
537,JUPAS,BISHOP HALL JUBILEE SCHOOL,HKDSE,HKDSE:5,B,B+,
306,Mainland,Others,Mainland Gaokao (JEE),Mainland Gaokao (JEE):>140,A-,A-,
792,JUPAS,SING YIN SECONDARY SCHOOL,HKDSE,HKDSE:4,B-,C-,
212,Mainland,Others,Mainland Gaokao (JEE),Mainland Gaokao (JEE):120-129,A,A-,
1081,JUPAS,SHAU KEI WAN GOVERNMENT SECONDARY SCHOOL,HKDSE,HKDSE:5,D+,B,
777,JUPAS,QUEEN ELIZABETH SCHOOL,HKDSE,HKDSE:4,D,B,
821,JUPAS,YCH WONG WHA SAN SECONDARY SCHOOL,HKDSE,HKDSE:5,B,B,
357,Mainland,Others,Mainland Gaokao (JEE),Mainland Gaokao (JEE):130-139,A,A,
406,JUPAS,PUI KIU COLLEGE,HKDSE,HKDSE:5,B,B+,
1048,JUPAS,PLK LO KIT SING (1983) COLLEGE,HKDSE,HKDSE:5,D,D+,
807,JUPAS,BISHOP HALL JUBILEE SCHOOL,HKDSE,HKDSE:4,C,B,
317,JUPAS,HO LAP COLL (SPSD BY THE SIK SIK YUEN),HKDSE,HKDSE:5,C,C+,
770,JUPAS,MARYMOUNT SECONDARY SCHOOL,HKDSE,HKDSE:4,D,C,
20,JUPAS,CHRISTIAN ALLIANCE S C CHAN MEM COLL,HKDSE,HKDSE:5*,A-,B,
976,Mainland Fee-paying,Others,Mainland Gaokao (JEE),Mainland Gaokao (JEE):120-129,B-,C+,
425,JUPAS,KWUN TONG MARYKNOLL COLLEGE,HKDSE,HKDSE:4,C,B+,
573,JUPAS,CHEUNG CHUK SHAN COLLEGE,HKDSE,HKDSE:5,B,C+,
