Original No.,Admission_Channel,Secondary_School,Exam,Math_Background,MATH1510,ENGG1130,MATH1010,ENGG1120,ENGG2020
17,JUPAS,TSUEN WAN PUB HO CHUEN YIU MEMORIAL COLL,HKDSE,HKDSE:5,B+,B+,A-,B,B+
20,JUPAS,CHRISTIAN ALLIANCE S C CHAN MEM COLL,HKDSE,HKDSE:5*,A-,B,B,B+,B
25,JUPAS,MUNSANG COLLEGE (HONG KONG ISLAND),HKDSE,HKDSE:4,B,A-,A-,B+,A
29,JUPAS,PO LEUNG KUK LAWS FOUNDATION COLLEGE,HKDSE,HKDSE:4,B+,B-,B+,A-,B-
36,JUPAS,STFA LEUNG KAU KUI COLLEGE,HKDSE,HKDSE:5,B-,B+,B+,B,B+
37,JUPAS,METHODIST CHURCH HK WESLEY COLLEGE,HKDSE,HKDSE:5,D,D+,B+,B+,D
50,JUPAS,Others,HKDSE,HKDSE:5,B-,C+,D,D+,C
55,JUPAS,KWOK TAK SENG CATHOLIC SECONDARY SCHOOL,HKDSE,HKDSE:5,B,B,B,C+,B
62,JUPAS,YWCA HIOE TJO YOENG COLLEGE,HKDSE,HKDSE:4,B,B+,B-,B,B+
82,JUPAS,CCC CHUEN YUEN COLLEGE,HKDSE,HKDSE:5,B,F,B,B+,F
88,JUPAS,HKMA K S LO COLLEGE,HKDSE,HKDSE:4,C,C+,C-,F,C
92,JUPAS,LIONS COLLEGE,HKDSE,HKDSE:4,B,C-,C+,C+,C
94,JUPAS,YCH LIM POR YEN SECONDARY SCHOOL,HKDSE,HKDSE:5**,B+,A-,C-,C-,A
98,JUPAS,HK SKH BISHOP HALL SECONDARY SCHOOL,HKDSE,HKDSE:5**,B+,B+,A-,A-,B+
101,JUPAS,CHRISTIAN ALLIANCE S W CHAN MEM COLL,HKDSE,HKDSE:5,B-,B-,B+,B+,B-
109,JUPAS,VALTORTA COLLEGE,HKDSE,HKDSE:5**,A-,A,B-,B+,A
119,JUPAS,AOG HEBRON SECONDARY SCHOOL,HKDSE,HKDSE:5,B-,A-,A,A,A
129,JUPAS,PUI CHING MIDDLE SCHOOL,HKDSE,HKDSE:5**,A-,A,A-,A-,A
130,JUPAS,TWGH LI KA SHING COLLEGE,HKDSE,HKDSE:5,C+,C-,A,A,C
142,JUPAS,TANG KING PO SCHOOL,HKDSE,HKDSE:4,B+,B-,C-,C+,B-
144,JUPAS,PLK MRS MA KAM MING CHEUNG FOOK SIEN COL,HKDSE,HKDSE:4,B+,B-,B-,B-,B-
147,JUPAS Appeal-in,STFA YUNG YAU COLLEGE,HKDSE,HKDSE:5,B-,C,B-,B-,C
168,JUPAS,FUKIEN SECONDARY SCHOOL,HKDSE,HKDSE:5*,A-,B+,C,C,B+
172,JUPAS,SKH LAM WOO MEMORIAL SECONDARY SCHOOL,HKDSE,HKDSE:4,B,C+,B+,B+,C
177,JUPAS,CHAN SUI KI (LA SALLE) COLLEGE,HKDSE,HKDSE:5,A-,B-,C+,C+,B-
182,JUPAS,TSUEN WAN GOVERNMENT SECONDARY SCHOOL,HKDSE,HKDSE:5*,B-,D,A-,B-,D
183,JUPAS,HONG KONG CHINESE WOMENS CLUB COLLEGE,HKDSE,HKDSE:5,B-,F,B,C-,F
184,JUPAS,TACK CHING GIRLS SECONDARY SCHOOL,HKDSE,HKDSE:4,B,B-,B-,D,B-
187,JUPAS,CHINESE FOUNDATION SECONDARY SCHOOL,HKDSE,HKDSE:4,A-,B,B,B-,B
189,JUPAS,MUNSANG COLLEGE (HONG KONG ISLAND),HKDSE,HKDSE:4,B,A-,A-,B+,A
202,JUPAS,SHAU KEI WAN GOVERNMENT SECONDARY SCHOOL,HKDSE,HKDSE:5*,B,C-,B+,A-,C
208,JUPAS,YWCA HIOE TJO YOENG COLLEGE,HKDSE,HKDSE:4,B-,F,B-,C-,F
213,JUPAS,SING YIN SECONDARY SCHOOL,HKDSE,HKDSE:5,A-,A-,B-,F,A
219,JUPAS,SALEM-IMMANUEL LUTHERAN COLLEGE,HKDSE,HKDSE:5*,B+,B,A,A-,B
224,JUPAS,ELEGANTIA COLLEGE (SPONSORED BY ED CONV),HKDSE,HKDSE:5*,B-,F,B+,B,F
225,JUPAS,PLK LEE SHING PIK COLLEGE,HKDSE,HKDSE:4,D,C-,B-,F,C
229,JUPAS,Others,HKDSE,HKDSE:5*,A-,A,D,C-,A
232,JUPAS,STFA YUNG YAU COLLEGE,HKDSE,HKDSE:5,D,D+,A-,A,D
240,JUPAS,SKH BISHOP MOK SAU TSENG SEC SCH,HKDSE,HKDSE:5*,A-,A-,D,C-,A
241,JUPAS,PUI CHING MIDDLE SCHOOL,HKDSE,HKDSE:5*,A,A-,A-,A,A
248,JUPAS,SKH LAM KAU MOW SECONDARY SCHOOL,HKDSE,HKDSE:5,B,B+,A,A-,B+
256,JUPAS,ST MARKS SCHOOL,HKDSE,HKDSE:4,C-,D,B,B+,D
272,JUPAS,HEUNG TO MIDDLE SCHOOL,HKDSE,HKDSE:4,B-,C-,C-,B,C
274,JUPAS,WA YING COLLEGE,HKDSE,HKDSE:4,C,A-,B,C-,A
291,JUPAS,HO FUNG COLL (SPONSORED BY SIK SIK YUEN),HKDSE,HKDSE:5,A-,F,C,A-,F
296,JUPAS,HKCCC UNION LOGOS ACADEMY,HKDSE,HKDSE:4,C,B,B,F,B
300,JUPAS,TIN SHUI WAI METHODIST COLLEGE,HKDSE,HKDSE:5*,B,A,C,B+,A
310,JUPAS,Others,HKDSE,HKDSE:5,B+,B,B,A,B
313,JUPAS,GT (ELLEN YEUNG) COLLEGE,HKDSE,HKDSE:4,B,B,B+,B,B
314,JUPAS,Others,HKDSE,HKDSE:5,B-,B-,B-,B,B-
317,JUPAS,HO LAP COLL (SPSD BY THE SIK SIK YUEN),HKDSE,HKDSE:5,C,C+,B-,B-,C
322,JUPAS,SKH LAM KAU MOW SECONDARY SCHOOL,HKDSE,HKDSE:4,B,C,C,C+,C
328,JUPAS,PO LEUNG KUK LAWS FOUNDATION COLLEGE,HKDSE,HKDSE:5**,B+,B+,A-,B+,B+
335,JUPAS,TWGH LI KA SHING COLLEGE,HKDSE,HKDSE:5,C+,C+,B-,C,C
340,JUPAS,Others,HKDSE,HKDSE:5,B,A-,B+,B+,A
361,JUPAS,Others,HKDSE,HKDSE:5,C+,F,C+,C+,F
374,JUPAS,LOK SIN TONG KU CHIU MAN SEC SCH,HKDSE,HKDSE:5,B,B,A,A-,B
375,JUPAS,TWGH WONG FUT NAM COLLEGE,HKDSE,HKDSE:5,B-,B+,C+,F,B+
380,JUPAS,KOWLOON SAM YUK SECONDARY SCHOOL,HKDSE,HKDSE:4,A-,A-,B,B,A
382,JUPAS,HKWMA CHU SHEK LUN SECONDARY SCHOOL,HKDSE,HKDSE:5,C-,C,B-,B+,C
383,JUPAS,LAI KING CATHOLIC SECONDARY SCHOOL,HKDSE,HKDSE:4,C-,B,A-,A-,B
385,JUPAS,Others,HKDSE,HKDSE:5*,A-,A,C-,C,A
386,JUPAS,KING LING COLLEGE,HKDSE,HKDSE:5,B,B,C+,B,B
387,JUPAS,TSUEN WAN PUB HO CHUEN YIU MEMORIAL COLL,HKDSE,HKDSE:5*,C+,B+,A-,B+,B+
388,JUPAS,KINGS COLLEGE,HKDSE,HKDSE:5*,B,B+,B,B,B+
391,JUPAS,SKH BISHOP BAKER SECONDARY SCHOOL,HKDSE,HKDSE:5,B-,A,B-,B+,A
392,JUPAS,CARMEL SECONDARY SCHOOL,HKDSE,HKDSE:5,B,B+,B+,B+,B+
394,JUPAS,STFA LEUNG KAU KUI COLLEGE,HKDSE,HKDSE:5**,B+,A,B-,A-,A
396,JUPAS,SKH LAM WOO MEMORIAL SECONDARY SCHOOL,HKDSE,HKDSE:5*,B-,B+,B,B+,B+
397,JUPAS,CCC CHUEN YUEN COLLEGE,HKDSE,HKDSE:5*,B,B-,B+,A,B-
399,JUPAS,METHODIST CHURCH HK WESLEY COLLEGE,HKDSE,HKDSE:4,B-,C+,B+,B+,C
403,JUPAS,CHRISTIAN ALLIANCE S W CHAN MEM COLL,HKDSE,HKDSE:5,C+,A-,B,B-,A
405,JUPAS,YING WA GIRLS SCHOOL,HKDSE,HKDSE:4,B-,C,B-,C+,C
406,JUPAS,PUI KIU COLLEGE,HKDSE,HKDSE:5,B,B+,C+,A-,B+
407,JUPAS,Others,HKDSE,HKDSE:5,C+,B,B-,C,B
408,JUPAS,Others,HKDSE,HKDSE:5,D+,C+,B,B+,C
411,JUPAS,Others,HKDSE,HKDSE:4,B-,A-,C+,B,A
413,JUPAS,Others,HKDSE,HKDSE:5,D,A,D+,C+,A
415,JUPAS,PUI CHING MIDDLE SCHOOL,HKDSE,HKDSE:5*,B+,A,B-,A-,A
416,JUPAS,SKH LAM KAU MOW SECONDARY SCHOOL,HKDSE,HKDSE:4,B-,B-,C-,A,B-
418,JUPAS,HOMANTIN GOVERNMENT SECONDARY SCHOOL,HKDSE,HKDSE:5,B+,A-,B+,A,A
420,JUPAS,"WAH YAN COLLEGE, KOWLOON",HKDSE,HKDSE:4,B,B+,B+,B-,B+
422,JUPAS,CHRIST COLLEGE,HKDSE,HKDSE:5,D+,C,B+,A-,C
423,JUPAS,KWUN TONG GOVERNMENT SECONDARY SCHOOL,HKDSE,HKDSE:5**,B+,B+,B,B+,B+
425,JUPAS,KWUN TONG MARYKNOLL COLLEGE,HKDSE,HKDSE:4,C,B+,D+,C,B+
426,JUPAS,LAI KING CATHOLIC SECONDARY SCHOOL,HKDSE,HKDSE:4,B,B,A-,A,B
428,JUPAS,Others,HKDSE,HKDSE:5,A-,A,C,B+,A
429,JUPAS Appeal-in,ST BONAVENTURE COLLEGE & HIGH SCHOOL,HKDSE,HKDSE:4,C-,B+,B,B,B+
434,JUPAS,CCC KEI YUEN COLLEGE,HKDSE,HKDSE:4,B-,F,A-,A,F
437,JUPAS,LINGNAN SECONDARY SCHOOL,HKDSE,HKDSE:5,B,A-,C-,B+,A
438,JUPAS,CCC KEI CHI SECONDARY SCHOOL,HKDSE,HKDSE:5,B+,B+,D,B-,B+
440,JUPAS,SHA TIN GOVERNMENT SECONDARY SCHOOL,HKDSE,HKDSE:5,B-,B-,B-,F,B-
443,JUPAS,TSUEN WAN PUB HO CHUEN YIU MEMORIAL COLL,HKDSE,HKDSE:5,B+,A-,B,A-,A
445,JUPAS,TWGH KAP YAN DIRECTORS COLLEGE,HKDSE,HKDSE:4,C-,C,B,B+,C
446,JUPAS,Others,HKDSE,HKDSE:5*,B+,A,B-,B-,A
447,JUPAS,HKRSS TAI PO SECONDARY SCHOOL,HKDSE,HKDSE:5,C-,B-,B+,A,B-
450,JUPAS,PUI CHING MIDDLE SCHOOL,HKDSE,HKDSE:5*,A-,A,C-,C,A
452,JUPAS,HO YU COLL & PRI (SPON BY SIK SIK YUEN),HKDSE,HKDSE:5,C,A-,B,A,A
455,JUPAS,CHINESE YMCA SECONDARY SCHOOL,HKDSE,HKDSE:5**,A-,B+,C-,B-,B+
457,JUPAS,"WAH YAN COLLEGE, HONG KONG",HKDSE,HKDSE:5*,A,B+,A-,A,B+
458,JUPAS,KAU YAN COLLEGE,HKDSE,HKDSE:5,B+,B+,C,A-,B+
466,JUPAS,YUEN LONG PUBLIC SECONDARY SCHOOL,HKDSE,HKDSE:5,B-,C+,A-,B+,C
470,JUPAS,FANLING KAU YAN COLLEGE,HKDSE,HKDSE:4,B-,B-,A,B+,B-
471,JUPAS,OUR LADY OF THE ROSARY COLLEGE,HKDSE,HKDSE:5*,B-,B,B+,B+,B
474,JUPAS,SING YIN SECONDARY SCHOOL,HKDSE,HKDSE:4,B,A,B-,C+,A
478,JUPAS,ST BONAVENTURE COLLEGE & HIGH SCHOOL,HKDSE,HKDSE:5,D+,B+,B,B-,B+
479,JUPAS,SKH TSANG SHIU TIM SECONDARY SCHOOL,HKDSE,HKDSE:5,B,C+,B-,B,C
483,JUPAS,FANLING KAU YAN COLLEGE,HKDSE,HKDSE:5,B,B,B,A,B
491,JUPAS,ST JOSEPHS COLLEGE,HKDSE,HKDSE:5,C+,B+,D+,B,B+
492,JUPAS,Others,HKDSE,HKDSE:5,B-,A-,B,C+,A
494,JUPAS,STFA SEAWARD WOO COLLEGE,HKDSE,HKDSE:4,C+,C+,B,B,C
499,JUPAS,LAM TAI FAI COLLEGE,HKDSE,HKDSE:4,B-,B+,C-,B+,B+
502,JUPAS,PO LEUNG KUK HO YUK CHING (1984) COLLEGE,HKDSE,HKDSE:5,B,B+,B-,A,B+
505,JUPAS,CONFUCIAN TAI SHING HO KWOK PUI CHUN COLLEGE,HKDSE,HKDSE:5*,A-,A-,C+,C+,A
506,JUPAS,CCC MONG MAN WAI COLLEGE,HKDSE,HKDSE:5*,B,B+,B-,B+,B+
507,JUPAS,TSUEN WAN PUB HO CHUEN YIU MEMORIAL COLL,HKDSE,HKDSE:5*,B-,B-,B,B+,B-
508,JUPAS,KWUN TONG GOVERNMENT SECONDARY SCHOOL,HKDSE,HKDSE:5*,A,A,A-,A-,A
509,JUPAS,HONG KONG TRUE LIGHT COLLEGE,HKDSE,HKDSE:5,B-,B+,B+,B+,B+
510,JUPAS,Others,HKDSE,HKDSE:5,B,B+,B-,B-,B+
511,JUPAS,Others,HKDSE,HKDSE:4,B+,A-,A,A,A
515,JUPAS,SHAU KEI WAN GOVERNMENT SECONDARY SCHOOL,HKDSE,HKDSE:5*,A-,B+,B-,B+,B+
516,JUPAS,YING WA COLLEGE,HKDSE,HKDSE:5,B,A-,B,A-,A
518,JUPAS,CCC MONG MAN WAI COLLEGE,HKDSE,HKDSE:5*,A,A,B+,A-,A
520,JUPAS,BUDDHIST WONG FUNG LING COLLEGE,HKDSE,HKDSE:4,B-,B+,A-,B+,B+
521,JUPAS,KINGS COLLEGE,HKDSE,HKDSE:5*,B-,B,B+,A-,B
524,JUPAS,NTHYK YUEN LONG DISTRICT SECONDARY SCH,HKDSE,HKDSE:5,A-,A,A,A,A
525,JUPAS,SHA TIN GOVERNMENT SECONDARY SCHOOL,HKDSE,HKDSE:5,C,B+,B-,B+,B+
526,JUPAS,LOK SIN TONG KU CHIU MAN SEC SCH,HKDSE,HKDSE:4,A-,A-,B-,B+,A
528,JUPAS,SOUTH TUEN MUN GOVERNMENT SEC SCH,HKDSE,HKDSE:5,B+,A-,A-,A,A
529,JUPAS,SKH KEI HAU SECONDARY SCHOOL,HKDSE,HKDSE:5,B,B,C,B+,B
531,JUPAS,KIANGSU-CHEKIANG COLLEGE,HKDSE,HKDSE:5*,A-,A-,A-,A-,A
534,JUPAS,HKCCC UNION LOGOS ACADEMY,HKDSE,HKDSE:5,C,B+,B+,A-,B+
535,JUPAS,PUI CHING MIDDLE SCHOOL,HKDSE,HKDSE:5,B+,A,B,B,A
537,JUPAS,BISHOP HALL JUBILEE SCHOOL,HKDSE,HKDSE:5,B,B+,A-,A-,B+
540,JUPAS,ST FRANCIS XAVIERS COLLEGE,HKDSE,HKDSE:4,B-,B,C,B+,B
541,JUPAS,KING LING COLLEGE,HKDSE,HKDSE:5,D,F,B+,A,F
542,JUPAS,NING PO NO.2 COLLEGE,HKDSE,HKDSE:5,B+,B,B,A-,B
543,JUPAS,METHODIST CHURCH HK WESLEY COLLEGE,HKDSE,HKDSE:5,A-,B,B-,B+,B
545,JUPAS,POPE PAUL VI COLLEGE,HKDSE,HKDSE:5*,A-,A-,D,F,A
546,JUPAS,KWUN TONG MARYKNOLL COLLEGE,HKDSE,HKDSE:5*,A,A,B+,B+,A
547,JUPAS,TRUE LIGHT GIRLS COLLEGE,HKDSE,HKDSE:5,C+,B,A-,B,B
548,JUPAS,C&MA SUN KEI SECONDARY SCHOOL,HKDSE,HKDSE:5*,C+,B,A-,A,B
549,JUPAS,KIANGSU-CHEKIANG COLLEGE (KWAI CHUNG),HKDSE,HKDSE:4,C+,B,A,A,B
550,JUPAS,LAM TAI FAI COLLEGE,HKDSE,HKDSE:5*,A,A-,C+,B,A
552,JUPAS,OUR LADY OF THE ROSARY COLLEGE,HKDSE,HKDSE:5*,B,C,C-,B+,C
554,JUPAS,SING YIN SECONDARY SCHOOL,HKDSE,HKDSE:5,B+,B+,C+,B,B+
555,JUPAS,SING YIN SECONDARY SCHOOL,HKDSE,HKDSE:5,B+,B+,A,A,B+
559,JUPAS,SKH LAM WOO MEMORIAL SECONDARY SCHOOL,HKDSE,HKDSE:5*,A-,A-,B,C,A
560,JUPAS,STFA CHENG YU TUNG SECONDARY SCHOOL,HKDSE,HKDSE:5,B+,A,B+,B+,A
564,JUPAS,Others,HKDSE,HKDSE:5,B-,B,B+,A-,B
569,JUPAS,YAN OI TONG TIN KA PING SECONDARY SCHOOL,HKDSE,HKDSE:4,B-,B,A-,A-,B
571,JUPAS,LA SALLE COLLEGE,HKDSE,HKDSE:5,B+,B+,B+,A,B+
573,JUPAS,CHEUNG CHUK SHAN COLLEGE,HKDSE,HKDSE:5,B,C+,B-,B,C
574,JUPAS,TAK NGA SECONDARY SCHOOL,HKDSE,HKDSE:5,C+,B+,B-,B,B+
576,JUPAS,YWCA HIOE TJO YOENG COLLEGE,HKDSE,HKDSE:4,A-,B+,B+,B+,B+
577,JUPAS,Others,HKDSE,HKDSE:5,A-,B+,B+,B-,B+
583,JUPAS,Others,HKDSE,HKDSE:5,B-,C+,C+,B+,C
589,JUPAS,HEEP YUNN SCHOOL,HKDSE,HKDSE:5,C+,B,A-,B,B
590,JUPAS,CCC HEEP WOH COLLEGE,HKDSE,HKDSE:5,B-,B,A-,B+,B
593,JUPAS,PO ON COMM ASSN WONG SIU CHING SEC SCH,HKDSE,HKDSE:4,D,B,B-,C+,B
599,JUPAS,FDBWA SZETO HO SECONDARY SCHOOL,HKDSE,HKDSE:5,B,A-,C+,B,A
600,JUPAS Appeal-in,ST FRANCIS XAVIERS COLLEGE,HKDSE,HKDSE:4,B,B+,B-,B,B+
601,JUPAS,STFA TAM PAK YU COLLEGE,HKDSE,HKDSE:5,A-,A-,D,B,A
602,JUPAS,SING YIN SECONDARY SCHOOL,HKDSE,HKDSE:5*,A-,A,B,A-,A
605,JUPAS,PLK NO.1 WH CHEUNG COLLEGE,HKDSE,HKDSE:4,A-,A-,B,B+,A
606,JUPAS,TAK SUN SECONDARY SCHOOL,HKDSE,HKDSE:4,B-,B-,A-,A-,B-
607,JUPAS,PUI CHING MIDDLE SCHOOL,HKDSE,HKDSE:5*,B-,A-,A-,A,A
608,JUPAS,IMMACULATE HEART OF MARY COLLEGE,HKDSE,HKDSE:4,B+,B+,A-,A,B+
609,JUPAS,FANLING RHENISH CHURCH SECONDARY SCHOOL,HKDSE,HKDSE:5*,B+,B,B-,B-,B
611,JUPAS,YING WA COLLEGE,HKDSE,HKDSE:4,C,A-,B-,A-,A
613,JUPAS,TSUNG TSIN COLLEGE,HKDSE,HKDSE:5*,B-,D,B+,B+,D
614,JUPAS,KING LING COLLEGE,HKDSE,HKDSE:4,B,B+,B+,B+,B+
627,JUPAS,CHAN SUI KI (LA SALLE) COLLEGE,HKDSE,HKDSE:5*,A-,A-,C,A-,A
628,JUPAS,"WAH YAN COLLEGE, KOWLOON",HKDSE,HKDSE:5,B+,B+,B-,D,B+
629,JUPAS,CARMEL SECONDARY SCHOOL,HKDSE,HKDSE:4,A-,B,B,B,B
633,JUPAS,PLK LO KIT SING (1983) COLLEGE,HKDSE,HKDSE:5*,B-,A-,A-,A-,A
635,JUPAS,SING YIN SECONDARY SCHOOL,HKDSE,HKDSE:5,B,A,B+,B+,A
642,JUPAS,SKH LAM WOO MEMORIAL SECONDARY SCHOOL,HKDSE,HKDSE:5,A-,B+,A-,B,B+
643,JUPAS,SKH CHAN YOUNG SECONDARY SCHOOL,HKDSE,HKDSE:5,B+,A-,B-,A-,A
645,JUPAS,UNITED CHRISTIAN COLLEGE (KOWLOON EAST),HKDSE,HKDSE:5,C,B-,B,A,B-
647,JUPAS,FANLING KAU YAN COLLEGE,HKDSE,HKDSE:5,B-,B+,A-,B+,B+
649,JUPAS,SING YIN SECONDARY SCHOOL,HKDSE,HKDSE:5,C,B+,B+,A-,B+
653,JUPAS,KWOK TAK SENG CATHOLIC SECONDARY SCHOOL,HKDSE,HKDSE:4,B-,C,C,B-,C
654,JUPAS,SING YIN SECONDARY SCHOOL,HKDSE,HKDSE:5*,B-,A-,B-,B+,A
656,JUPAS,PUI CHING MIDDLE SCHOOL,HKDSE,HKDSE:5,A-,A,C,B+,A
657,JUPAS,SING YIN SECONDARY SCHOOL,HKDSE,HKDSE:5,B+,B-,B-,C,B-
661,JUPAS,LINGNAN HANG YEE MEMORIAL SECONDARY SCH,HKDSE,HKDSE:4,B-,B,B-,A-,B
662,JUPAS,Others,HKDSE,HKDSE:4,B,B,A-,A-,B
665,JUPAS,Others,HKDSE,HKDSE:5,B+,B+,B+,B-,B+
670,JUPAS,PUI CHING MIDDLE SCHOOL,HKDSE,HKDSE:5*,A,A-,B-,B,A
671,JUPAS,ST FRANCIS XAVIERS COLLEGE,HKDSE,HKDSE:4,C,C+,B,B,C
677,JUPAS,KING LING COLLEGE,HKDSE,HKDSE:5*,A-,B,B+,B+,B
679,JUPAS,SKH TANG SHIU KIN SECONDARY SCHOOL,HKDSE,HKDSE:4,C,C+,A,A-,C
680,JUPAS,NG YUK SECONDARY SCHOOL,HKDSE,HKDSE:4,B,B,C,C+,B
681,JUPAS,PLK MRS MA KAM MING CHEUNG FOOK SIEN COL,HKDSE,HKDSE:5,B-,B,A-,B,B
682,JUPAS,RHENISH CHURCH PANG HOK-KO MEMORIAL COLL,HKDSE,HKDSE:5,B-,B+,C,C+,B+
684,JUPAS,SING YIN SECONDARY SCHOOL,HKDSE,HKDSE:4,B,A-,B,B,A
685,JUPAS,SHUN LEE CATHOLIC SECONDARY SCHOOL,HKDSE,HKDSE:5,B,B-,B-,B,B-
692,JUPAS,YAN CHAI HOSPITAL LAW CHAN CHOR SI COLL,HKDSE,HKDSE:5*,B+,B+,B-,B+,B+
696,JUPAS,ST PAULS SECONDARY SCHOOL,HKDSE,HKDSE:5*,A-,A-,B,A-,A
697,JUPAS,Others,HKDSE,HKDSE:5*,C,B-,B,B-,B-
698,JUPAS,Others,HKDSE,HKDSE:4,D,C,B+,B,C
702,JUPAS,SING YIN SECONDARY SCHOOL,HKDSE,HKDSE:5,A,A-,A-,A-,A
706,JUPAS,LOK SIN TONG KU CHIU MAN SEC SCH,HKDSE,HKDSE:5,B-,B+,C,B-,B+
707,JUPAS,PO LEUNG KUK NGAN PO LING COLLEGE,HKDSE,HKDSE:4,B-,B+,D,C,B+
708,JUPAS,KING LING COLLEGE,HKDSE,HKDSE:4,D,B-,A,A-,B-
710,JUPAS,COGNITIO COLLEGE (HONG KONG),HKDSE,HKDSE:5,B,A-,B-,B+,A
711,JUPAS,TSUEN WAN GOVERNMENT SECONDARY SCHOOL,HKDSE,HKDSE:5*,B+,A,B-,B+,A
712,JUPAS,TACK CHING GIRLS SECONDARY SCHOOL,HKDSE,HKDSE:4,C,B,D,B-,B
713,JUPAS,PLK CENTENARY LI SHIU CHUNG MEM COLL,HKDSE,HKDSE:5,C,B,B,A,B
716,JUPAS,HEUNG TO MIDDLE SCHOOL,HKDSE,HKDSE:4,B-,B,B+,A,B
717,JUPAS,CHINESE YMCA COLLEGE,HKDSE,HKDSE:5,B-,B+,C,B,B+
718,JUPAS,Others,HKDSE,HKDSE:5,B,B+,C,B,B+
724,JUPAS,SING YIN SECONDARY SCHOOL,HKDSE,HKDSE:4,B,B,B-,B,B
727,JUPAS,SKH LUI MING CHOI SECONDARY SCHOOL,HKDSE,HKDSE:5,B,B-,B-,B+,B-
728,JUPAS,HKMA K S LO COLLEGE,HKDSE,HKDSE:5*,B+,A-,B,B+,A
730,JUPAS,SING YIN SECONDARY SCHOOL,HKDSE,HKDSE:5,A-,A,B,B,A
731,JUPAS,POH 80TH ANNIVERSARY TANG YING HEI COLL,HKDSE,HKDSE:4,B+,A,B,B-,A
732,JUPAS,HKSYC&IA WONG TAI SHAN MEM COLL,HKDSE,HKDSE:4,C,B,B+,A-,B
734,JUPAS,PENTECOSTAL LAM HON KWONG SCHOOL,HKDSE,HKDSE:5,A-,A,A-,A-,A
735,JUPAS,SALEM-IMMANUEL LUTHERAN COLLEGE,HKDSE,HKDSE:4,B+,B,B+,A,B
736,JUPAS,YUEN LONG PUBLIC SECONDARY SCHOOL,HKDSE,HKDSE:5,A-,A-,C,B,A
737,JUPAS,PUI CHING MIDDLE SCHOOL,HKDSE,HKDSE:5*,A,A,A-,A,A
738,JUPAS,POPE PAUL VI COLLEGE,HKDSE,HKDSE:4,C+,C+,B+,B,C
739,JUPAS,Others,HKDSE,HKDSE:4,C-,C,A-,A,C
751,JUPAS,Others,HKDSE,HKDSE:5*,B-,A-,A,A,A
753,JUPAS,Others,HKDSE,HKDSE:4,B-,C+,C+,C,C
754,JUPAS,SHATIN TSUNG TSIN SECONDARY SCHOOL,HKDSE,HKDSE:4,C+,B-,C-,C,B-
755,JUPAS,SHA TIN METHODIST COLLEGE,HKDSE,HKDSE:5,C-,F,B-,A-,F
758,JUPAS,PUI CHING MIDDLE SCHOOL,HKDSE,HKDSE:5*,B+,B,B-,C+,B
761,JUPAS,PUI KIU COLLEGE,HKDSE,HKDSE:4,D,C-,C+,B-,C
762,JUPAS,SKH LAM WOO MEMORIAL SECONDARY SCHOOL,HKDSE,HKDSE:4,B-,B,C-,F,B
764,JUPAS,HONG KONG CHINESE WOMENS CLUB COLLEGE,HKDSE,HKDSE:4,C,B-,B+,B,B-
765,JUPAS,STFA LEUNG KAU KUI COLLEGE,HKDSE,HKDSE:4,D+,B-,D,C-,B-
766,JUPAS,Others,HKDSE,HKDSE:4,B-,C+,B-,B,C
767,JUPAS,YAN OI TONG TIN KA PING SECONDARY SCHOOL,HKDSE,HKDSE:5,B,B,C,B-,B
768,JUPAS,Others,HKDSE,HKDSE:5,D+,B,D+,B,B
769,JUPAS,Others,HKDSE,HKDSE:5,B-,B,B-,C+,B
770,JUPAS,MARYMOUNT SECONDARY SCHOOL,HKDSE,HKDSE:4,D,C,B,B,C
774,JUPAS,PUI CHING MIDDLE SCHOOL,HKDSE,HKDSE:5*,A-,B+,D+,B,B+
776,JUPAS,STFA LEUNG KAU KUI COLLEGE,HKDSE,HKDSE:5*,A,A,B-,B,A
777,JUPAS,QUEEN ELIZABETH SCHOOL,HKDSE,HKDSE:4,D,B,D,C,B
778,JUPAS,YAN OI TONG TIN KA PING SECONDARY SCHOOL,HKDSE,HKDSE:5,B+,B,A-,B+,B
779,JUPAS,TUEN MUN GOVERNMENT SECONDARY SCHOOL,HKDSE,HKDSE:4,B-,B,A,A,B
781,JUPAS,CCC HEEP WOH COLLEGE,HKDSE,HKDSE:5*,A-,A-,D,B,A
783,JUPAS,CCC MONG MAN WAI COLLEGE,HKDSE,HKDSE:4,D,F,B+,B,F
786,JUPAS,YWCA HIOE TJO YOENG COLLEGE,HKDSE,HKDSE:4,A-,A-,B-,B,A
789,JUPAS,SALESIAN ENGLISH SCHOOL,HKDSE,HKDSE:5,B-,C+,A-,A,C
790,JUPAS,TWGH WONG FUT NAM COLLEGE,HKDSE,HKDSE:5,C-,B+,D,D,B+
791,JUPAS,CLEMENTI SECONDARY SCHOOL,HKDSE,HKDSE:4,B+,B-,A-,A-,B-
792,JUPAS,SING YIN SECONDARY SCHOOL,HKDSE,HKDSE:4,B-,C-,B-,C+,C
795,JUPAS,Others,HKDSE,HKDSE:4,C+,C+,C-,B+,C
796,JUPAS,PLK MRS MA KAM MING CHEUNG FOOK SIEN COL,HKDSE,HKDSE:4,B-,B,B+,B-,B
799,JUPAS,QUEEN ELIZABETH SCHOOL,HKDSE,HKDSE:5,B,A-,B-,C-,A
800,JUPAS,YAN OI TONG TIN KA PING SECONDARY SCHOOL,HKDSE,HKDSE:5,B+,A-,C+,C+,A
801,JUPAS,MA ON SHAN TSUNG TSIN SECONDARY SCHOOL,HKDSE,HKDSE:5*,B-,B,B-,B+,B
802,JUPAS,ST ROSE OF LIMAS COLLEGE,HKDSE,HKDSE:4,C-,B+,B,A-,B+
803,JUPAS,Others,HKDSE,HKDSE:4,B-,B+,B+,A-,B+
804,JUPAS,CHINESE FOUNDATION SECONDARY SCHOOL,HKDSE,HKDSE:4,B-,A,B-,B,A
805,JUPAS,OUR LADY OF THE ROSARY COLLEGE,HKDSE,HKDSE:5,C+,B,C-,B+,B
806,JUPAS,CHRISTIAN ALLIANCE S C CHAN MEM COLL,HKDSE,HKDSE:4,B,B+,B-,B+,B+
807,JUPAS,BISHOP HALL JUBILEE SCHOOL,HKDSE,HKDSE:4,C,B,B-,A,B
808,JUPAS,WONG SHIU CHI SECONDARY SCHOOL,HKDSE,HKDSE:5,A-,A,C+,B,A
809,JUPAS,GOOD HOPE SCHOOL,HKDSE,HKDSE:5,B-,A,B,A,A
810,JUPAS,CHINESE FOUNDATION SECONDARY SCHOOL,HKDSE,HKDSE:4,B,A,C,B,A
811,JUPAS,KWUN TONG GOVERNMENT SECONDARY SCHOOL,HKDSE,HKDSE:5,C,B,A-,A-,B
812,JUPAS,Others,HKDSE,HKDSE:4,C+,B,B-,A,B
813,JUPAS,SHA TIN GOVERNMENT SECONDARY SCHOOL,HKDSE,HKDSE:5,B,B+,B,A,B+
814,JUPAS,QUEENS COLL OLD BOYS ASSN SEC SCH,HKDSE,HKDSE:4,B,B,C,B,B
815,JUPAS,Others,HKDSE,HKDSE:5,C-,B,C+,B,B
816,JUPAS,CARMEL SECONDARY SCHOOL,HKDSE,HKDSE:5,C-,C,B,B+,C
817,JUPAS,ST BONAVENTURE COLLEGE & HIGH SCHOOL,HKDSE,HKDSE:4,B-,B+,B,B,B+
821,JUPAS,YCH WONG WHA SAN SECONDARY SCHOOL,HKDSE,HKDSE:5,B,B,C-,B,B
824,JUPAS,BISHOP HALL JUBILEE SCHOOL,HKDSE,HKDSE:5,B-,B+,C-,C,B+
825,JUPAS,FANLING RHENISH CHURCH SECONDARY SCHOOL,HKDSE,HKDSE:5,B,A-,B-,B,A
826,JUPAS,GOOD HOPE SCHOOL,HKDSE,HKDSE:5,B-,B+,B,B,B+
832,JUPAS,BUDDHIST SIN TAK COLLEGE,HKDSE,HKDSE:5*,B+,B+,B-,B+,B+
838,JUPAS,RAIMONDI COLLEGE,HKDSE,HKDSE:4,C,B-,B-,B+,B-
839,JUPAS,Others,HKDSE,HKDSE:4,D,A-,B,A-,A
845,JUPAS,HKFEW WONG CHO BAU SECONDARY SCHOOL,HKDSE,HKDSE:5,C,C+,B-,B+,C
847,JUPAS,HK AND MACAU LU CH QUEEN MAUD SEC SCH,HKDSE,HKDSE:5,D,C+,B+,B+,C
848,JUPAS,BELILIOS PUBLIC SCHOOL,HKDSE,HKDSE:5,B,B+,C,B-,B+
849,JUPAS,BELILIOS PUBLIC SCHOOL,HKDSE,HKDSE:5,C-,B-,D,A,B-
852,JUPAS,RAIMONDI COLLEGE,HKDSE,HKDSE:4,D,B+,C,C+,B+
853,JUPAS,SKH LAM WOO MEMORIAL SECONDARY SCHOOL,HKDSE,HKDSE:5*,B,B,D,C+,B
856,JUPAS,TANG KING PO SCHOOL,HKDSE,HKDSE:4,D+,B-,B,B+,B-
859,JUPAS,SING YIN SECONDARY SCHOOL,HKDSE,HKDSE:5,C,C,C-,B-,C
861,JUPAS,SKH LUI MING CHOI SECONDARY SCHOOL,HKDSE,HKDSE:4,D+,C+,D,B+,C
864,JUPAS,CCC MING KEI COLLEGE,HKDSE,HKDSE:5,A,B,B,B,B
865,JUPAS,TIN KA PING SECONDARY SCHOOL,HKDSE,HKDSE:5,D,D+,D+,B-,D
875,JUPAS,RAIMONDI COLLEGE,HKDSE,HKDSE:5*,B-,B,C,C,B
876,JUPAS,CLEMENTI SECONDARY SCHOOL,HKDSE,HKDSE:4,C-,C,D+,C+,C
878,JUPAS,JOCKEY CLUB TI-I COLLEGE,HKDSE,HKDSE:4,B-,C+,A,B+,C
879,JUPAS,FANLING LUTHERAN SECONDARY SCHOOL,HKDSE,HKDSE:5*,A-,A-,D,D+,A
880,JUPAS,Others,HKDSE,HKDSE:5,C,B-,B-,B,B-
881,JUPAS,YAN OI TONG TIN KA PING SECONDARY SCHOOL,HKDSE,HKDSE:4,B-,C+,C-,C,C
882,JUPAS,CHRISTIAN ALLIANCE CHENG WING GEE COLL,HKDSE,HKDSE:4,D,F,B-,C+,F
883,JUPAS,CHEUNG CHUK SHAN COLLEGE,HKDSE,HKDSE:5,C+,B-,A-,A-,B-
884,JUPAS,HOI PING CHAMBER OF COMMERCE SEC SCH,HKDSE,HKDSE:5,C,F,C,B-,F
886,JUPAS,CHRISTIAN ALLIANCE S C CHAN MEM COLL,HKDSE,HKDSE:4,C+,C+,B-,C,C
887,JUPAS,STFA TAM PAK YU COLLEGE,HKDSE,HKDSE:4,B,B+,D,D+,B+
889,JUPAS,ST JOSEPHS COLLEGE,HKDSE,HKDSE:5*,C+,B-,C+,B-,B-
892,JUPAS,CHINESE YMCA COLLEGE,HKDSE,HKDSE:5,D,C,C,F,C
893,JUPAS,"WAH YAN COLLEGE, HONG KONG",HKDSE,HKDSE:4,D,D+,C+,C+,D
895,JUPAS,YUEN LONG LUTHERAN SECONDARY SCHOOL,HKDSE,HKDSE:4,C,C+,B,B+,C
896,JUPAS,ST PAULS COLLEGE,HKDSE,HKDSE:4,D+,C-,C+,B+,C
897,JUPAS,SKH LAM WOO MEMORIAL SECONDARY SCHOOL,HKDSE,HKDSE:5,A-,B-,D,C+,B-
898,JUPAS,SKH LAM KAU MOW SECONDARY SCHOOL,HKDSE,HKDSE:4,C+,B-,D,D+,B-
899,JUPAS,STFA LEUNG KAU KUI COLLEGE,HKDSE,HKDSE:5,B,B+,C,C+,B+
900,JUPAS,CHEUNG SHA WAN CATHOLIC SECONDARY SCHOOL,HKDSE,HKDSE:5*,B,B+,D+,C-,B+
901,JUPAS,YING WA COLLEGE,HKDSE,HKDSE:4,B,B-,A-,B-,B-
902,JUPAS,SKH TSANG SHIU TIM SECONDARY SCHOOL,HKDSE,HKDSE:5,B-,A-,C+,B-,A
903,JUPAS,METHODIST CHURCH HK WESLEY COLLEGE,HKDSE,HKDSE:5,B-,B-,B,B+,B-
905,JUPAS,SKH LAM WOO MEMORIAL SECONDARY SCHOOL,HKDSE,HKDSE:4,C,B,B,B,B
906,JUPAS,ST LOUIS SCHOOL,HKDSE,HKDSE:5,C+,A-,B,B-,A
909,JUPAS,EVANGEL COLLEGE,HKDSE,HKDSE:4,B-,B,B-,A,B
911,JUPAS,Others,HKDSE,HKDSE:5**,A,A,B-,B-,A
912,JUPAS,COGNITIO COLLEGE (HONG KONG),HKDSE,HKDSE:4,C,B,C,B,B
913,JUPAS,QUEEN ELIZABETH SCHOOL,HKDSE,HKDSE:4,D+,B-,C+,A-,B-
914,JUPAS,PO ON COMM ASSN WONG SIU CHING SEC SCH,HKDSE,HKDSE:5,B-,B,B-,B,B
915,JUPAS,ST PAULS CO-EDUCATIONAL COLLEGE,HKDSE,HKDSE:4,D+,B-,A,A,B-
916,JUPAS,Others,HKDSE,HKDSE:5,C,B,C,B+,B
917,JUPAS,DIOCESAN BOYS SCHOOL,HKDSE,HKDSE:4,D,B-,D+,B-,B-
918,JUPAS,CHEUNG SHA WAN CATHOLIC SECONDARY SCHOOL,HKDSE,HKDSE:4,C,C-,B-,B+,C
920,JUPAS,STFA TAM PAK YU COLLEGE,HKDSE,HKDSE:4,B,A-,D+,B-,A
921,JUPAS,TIN SHUI WAI GOVERNMENT SECONDARY SCHOOL,HKDSE,HKDSE:4,B,C+,C,B,C
922,JUPAS,ST FRANCIS CANOSSIAN COLLEGE,HKDSE,HKDSE:5,D+,B+,D,B+,B+
924,JUPAS,KWOK TAK SENG CATHOLIC SECONDARY SCHOOL,HKDSE,HKDSE:5,B+,A,C,C+,A
925,JUPAS,CNEC LEE I YAO MEMORIAL SECONDARY SCHOOL,HKDSE,HKDSE:4,D,B,B,A,B
928,JUPAS,CARMEL SECONDARY SCHOOL,HKDSE,HKDSE:4,B-,B+,B,C+,B+
930,JUPAS,Others,HKDSE,HKDSE:5,A-,A,D+,B+,A
932,JUPAS,SKH TANG SHIU KIN SECONDARY SCHOOL,HKDSE,HKDSE:4,B,B+,B+,A-,B+
934,JUPAS,VALTORTA COLLEGE,HKDSE,HKDSE:4,D,B-,D,B+,B-
935,JUPAS,Others,HKDSE,HKDSE:5*,A,A,B-,B+,A
938,JUPAS,Others,HKDSE,HKDSE:4,C+,A-,A-,A,A
943,JUPAS,Others,HKDSE,HKDSE:5*,A-,A,B,A-,A
944,JUPAS,Others,HKDSE,HKDSE:5*,B-,B-,D,B-,B-
945,JUPAS,PUI CHING MIDDLE SCHOOL,HKDSE,HKDSE:4,C+,B-,A,A-,B-
947,JUPAS,Others,HKDSE,HKDSE:4,B,A-,C+,A-,A
948,JUPAS,Others,HKDSE,HKDSE:4,B-,B+,A-,A,B+
949,JUPAS,YWCA HIOE TJO YOENG COLLEGE,HKDSE,HKDSE:5,A,B-,B-,B+,B-
951,JUPAS,TWGH CHEN ZAO MEN COLLEGE,HKDSE,HKDSE:5,B-,B,C+,B-,B
952,JUPAS,MUNSANG COLLEGE,HKDSE,HKDSE:4,B,B,B,A-,B
957,JUPAS,CCC KEI LONG COLLEGE,HKDSE,HKDSE:5,B+,A-,B-,B,A
964,JUPAS,Others,HKDSE,HKDSE:5*,B+,A,A,B-,A
965,JUPAS,CCC KEI TO SEC SCH,HKDSE,HKDSE:5,D+,B-,B-,B,B-
967,JUPAS,HKSYC&IA WONG TAI SHAN MEM COLL,HKDSE,HKDSE:5,B-,B,B,B+,B
968,JUPAS,CARMEL SECONDARY SCHOOL,HKDSE,HKDSE:5,B,B+,B+,A-,B+
969,JUPAS,ST LOUIS SCHOOL,HKDSE,HKDSE:5*,B+,B+,B+,A,B+
970,JUPAS,YAN OI TONG TIN KA PING SECONDARY SCHOOL,HKDSE,HKDSE:5*,B+,A-,D+,B+,A
971,JUPAS,ST LOUIS SCHOOL,HKDSE,HKDSE:5,B-,A,B-,B,A
972,JUPAS,C&MA SUN KEI SECONDARY SCHOOL,HKDSE,HKDSE:5,D,D+,B,B+,D
977,JUPAS,SHUN LEE CATHOLIC SECONDARY SCHOOL,HKDSE,HKDSE:4,B-,B+,B+,B,B+
981,JUPAS,Others,HKDSE,HKDSE:5,B-,B,B+,A-,B
986,JUPAS,Others,HKDSE,HKDSE:4,C+,B+,B-,A,B+
987,JUPAS,HKMA K S LO COLLEGE,HKDSE,HKDSE:4,C-,B,D,D+,B
988,JUPAS,TAK SUN SECONDARY SCHOOL,HKDSE,HKDSE:5,B,B+,B-,B,B+
990,JUPAS,TUEN MUN CATHOLIC SECONDARY SCHOOL,HKDSE,HKDSE:4,B,B,B-,B,B
991,JUPAS,HOLY FAMILY CANOSSIAN COLLEGE,HKDSE,HKDSE:4,B-,C+,B-,B,C
994,JUPAS,CHONG GENE HANG COLLEGE,HKDSE,HKDSE:4,B-,B+,C-,B,B+
996,JUPAS,HKTA THE YUEN YUEN INT NO.2 SEC SCH,HKDSE,HKDSE:5,C-,B,B,B+,B
998,JUPAS,MA ON SHAN TSUNG TSIN SECONDARY SCHOOL,HKDSE,HKDSE:5,B,B-,B,B,B-
999,JUPAS,SHUN LEE CATHOLIC SECONDARY SCHOOL,HKDSE,HKDSE:5*,C-,B+,B-,C,B+
1001,JUPAS,TRUE LIGHT GIRLS COLLEGE,HKDSE,HKDSE:4,B-,B,B-,B+,B
1005,JUPAS,PUI CHING MIDDLE SCHOOL,HKDSE,HKDSE:5**,A-,B+,C-,B+,B+
1007,JUPAS,TRUE LIGHT GIRLS COLLEGE,HKDSE,HKDSE:5*,B-,B+,B,B-,B+
1008,JUPAS,SOUTH TUEN MUN GOVERNMENT SEC SCH,HKDSE,HKDSE:4,A-,B,C-,B+,B
1010,JUPAS,SHUN LEE CATHOLIC SECONDARY SCHOOL,HKDSE,HKDSE:5,B-,B+,B-,B,B+
1013,JUPAS,YWCA HIOE TJO YOENG COLLEGE,HKDSE,HKDSE:4,B,B+,A-,A-,B+
1014,JUPAS,STFA YUNG YAU COLLEGE,HKDSE,HKDSE:4,D,C,B-,B+,C
1015,JUPAS,Others,HKDSE,HKDSE:4,C,C+,A-,B,C
1016,JUPAS,HK AND MACAU LU CH QUEEN MAUD SEC SCH,HKDSE,HKDSE:5,D,C,B-,B,C
1017,JUPAS,YWCA HIOE TJO YOENG COLLEGE,HKDSE,HKDSE:5,B,B,B,B+,B
1018,JUPAS,CCC KEI YUEN COLLEGE,HKDSE,HKDSE:5,C+,B-,D,C,B-
1020,JUPAS,CARMEL SECONDARY SCHOOL,HKDSE,HKDSE:4,D+,C+,C,C+,C
1021,JUPAS,SKH LAM WOO MEMORIAL SECONDARY SCHOOL,HKDSE,HKDSE:3,B,B+,D,C,B+
1022,JUPAS,HO LAP COLL (SPSD BY THE SIK SIK YUEN),HKDSE,HKDSE:5,C+,C-,B,B,C
1023,JUPAS,Others,HKDSE,HKDSE:4,B,C+,C+,B-,C
1025,JUPAS,Others,HKDSE,HKDSE:5*,C+,B-,D+,C-,B-
1030,JUPAS,ELEGANTIA COLLEGE (SPONSORED BY ED CONV),HKDSE,HKDSE:5,C+,B,B,B+,B
1033,JUPAS,ST LOUIS SCHOOL,HKDSE,HKDSE:4,C+,B-,C+,C,B-
1036,JUPAS,Others,HKDSE,HKDSE:4,C,B,B,C,B
1037,JUPAS,YUEN LONG LUTHERAN SECONDARY SCHOOL,HKDSE,HKDSE:5*,A-,B,C+,B-,B
1038,JUPAS,POPE PAUL VI COLLEGE,HKDSE,HKDSE:5*,C,B-,C+,B,B-
1039,JUPAS,ST FRANCIS CANOSSIAN COLLEGE,HKDSE,HKDSE:4,B-,C+,C+,B-,C
1040,JUPAS,YAN OI TONG TIN KA PING SECONDARY SCHOOL,HKDSE,HKDSE:5,A-,B,C,B,B
1042,JUPAS,SHUNG TAK CATHOLIC ENGLISH COLLEGE,HKDSE,HKDSE:5,B,A-,A-,A-,A
1043,JUPAS,QUEEN ELIZABETH SCHOOL,HKDSE,HKDSE:5*,A-,A-,C,B-,A
1044,JUPAS,YAN OI TONG TIN KA PING SECONDARY SCHOOL,HKDSE,HKDSE:4,B,B+,B-,C+,B+
1046,JUPAS,HELEN LIANG MEMORIAL SEC SCH (SHATIN),HKDSE,HKDSE:5,A-,B+,A-,B,B+
1048,JUPAS,PLK LO KIT SING (1983) COLLEGE,HKDSE,HKDSE:5,D,D+,B,A-,D
1049,JUPAS,PO LEUNG KUK NGAN PO LING COLLEGE,HKDSE,HKDSE:5,D,B-,A-,A-,B-
1051,JUPAS,TSUEN WAN PUB HO CHUEN YIU MEMORIAL COLL,HKDSE,HKDSE:5*,A-,A-,B,B,A
1052,JUPAS,SHUNG TAK CATHOLIC ENGLISH COLLEGE,HKDSE,HKDSE:4,B-,A-,A-,B+,A
1057,JUPAS,PUI CHING MIDDLE SCHOOL,HKDSE,HKDSE:4,D,B,D,D+,B
1062,JUPAS,CHRISTIAN ALLIANCE CHENG WING GEE COLL,HKDSE,HKDSE:4,B-,A-,D,B-,A
1064,JUPAS,HK & KLN KFWA SUN FONG CHUNG COLLEGE,HKDSE,HKDSE:5*,D,F,A-,A-,F
1065,JUPAS,MUNSANG COLLEGE,HKDSE,HKDSE:4,D,C+,B-,A,C
1068,JUPAS,WONG SHIU CHI SECONDARY SCHOOL,HKDSE,HKDSE:5,B-,C-,D,B,C
1071,JUPAS,METHODIST CHURCH HK WESLEY COLLEGE,HKDSE,HKDSE:5,B,A-,B-,A-,A
1073,JUPAS,PHC WING KWONG COLLEGE,HKDSE,HKDSE:4,C+,B,D,F,B
1074,JUPAS,SKH TSANG SHIU TIM SECONDARY SCHOOL,HKDSE,HKDSE:4,C-,D,D,C+,D
1075,JUPAS,SHUNG TAK CATHOLIC ENGLISH COLLEGE,HKDSE,HKDSE:4,D,C-,B-,C,C
1078,JUPAS,MARYKNOLL CONVENT SCH (SEC SECTION),HKDSE,HKDSE:5,C+,B+,B,A-,B+
1079,JUPAS,Others,HKDSE,HKDSE:5,C,A-,C+,B+,A
1080,JUPAS,TAK OI SECONDARY SCHOOL,HKDSE,HKDSE:5,C,B+,C-,D,B+
1081,JUPAS,SHAU KEI WAN GOVERNMENT SECONDARY SCHOOL,HKDSE,HKDSE:5,D+,B,D,C-,B
1082,JUPAS,TSEUNG KWAN O GOVERNMENT SEC SCHOOL,HKDSE,HKDSE:5,A,B+,C+,B+,B+
1083,JUPAS,LA SALLE COLLEGE,HKDSE,HKDSE:4,D,B-,C,A-,B-
1086,JUPAS,KIANGSU-CHEKIANG COLLEGE (KWAI CHUNG),HKDSE,HKDSE:5,C,B-,C,B+,B-
1088,JUPAS,HEUNG TO MIDDLE SCHOOL,HKDSE,HKDSE:4,C,B-,D+,B+,B-
1090,JUPAS,PENTECOSTAL LAM HON KWONG SCHOOL,HKDSE,HKDSE:5*,B-,A-,A,B+,A
10,Mainland,Others,Mainland Gaokao (JEE),Mainland Gaokao (JEE):>140,A,A,D,B-,A
120,Mainland,Others,Mainland Gaokao (JEE),Mainland Gaokao (JEE):120-129,A,A,C,B-,A
131,Mainland,Others,Mainland Gaokao (JEE),Mainland Gaokao (JEE):130-139,A,A,C,B-,A
132,Mainland,Others,Mainland Gaokao (JEE),Mainland Gaokao (JEE):130-139,A,A,B-,A-,A
201,Mainland,Others,Mainland Gaokao (JEE),Mainland Gaokao (JEE):120-129,A,A,A,A,A
207,Mainland,Others,Mainland Gaokao (JEE),Mainland Gaokao (JEE):130-139,A-,B-,A,A,B-
212,Mainland,Others,Mainland Gaokao (JEE),Mainland Gaokao (JEE):120-129,A,A-,A,A,A
214,Mainland,Others,Mainland Gaokao (JEE),Mainland Gaokao (JEE):130-139,A,B,A-,A,B
216,Mainland,Others,Mainland Gaokao (JEE),Mainland Gaokao (JEE):110-119,A,B-,A,A,B-
226,Mainland,Others,Mainland Gaokao (JEE),Mainland Gaokao (JEE):120-129,A,B+,A-,B,B+
227,Mainland,Others,Mainland Gaokao (JEE),Mainland Gaokao (JEE):120-129,A-,B+,A,A-,B+
234,Mainland,Others,Mainland Gaokao (JEE),Mainland Gaokao (JEE):120-129,A,A-,A,B,A
260,Mainland,Others,Mainland Gaokao (JEE),Mainland Gaokao (JEE):130-139,A,B,A,B-,B
261,Mainland,Others,Mainland Gaokao (JEE),Mainland Gaokao (JEE):130-139,A,B,A,B+,B
265,Mainland,Others,Mainland Gaokao (JEE),Mainland Gaokao (JEE):130-139,A,B-,A,B+,B-
269,Mainland,Others,Mainland Gaokao (JEE),Mainland Gaokao (JEE):130-139,A,A-,A-,A-,A
278,Mainland,Others,Mainland Gaokao (JEE),Mainland Gaokao (JEE):130-139,A,B+,A,B,B+
281,Mainland,Others,Mainland Gaokao (JEE),Mainland Gaokao (JEE):120-129,A-,B+,A,B,B+
287,Mainland,Others,Mainland Gaokao (JEE),Mainland Gaokao (JEE):>140,A,A-,A-,B-,A
303,Mainland,Others,Mainland Gaokao (JEE),Mainland Gaokao (JEE):130-139,A-,B+,A,A-,B+
304,Mainland,Others,Mainland Gaokao (JEE),Mainland Gaokao (JEE):130-139,A-,B+,A,B-,B+
305,Mainland,Others,Mainland Gaokao (JEE),Mainland Gaokao (JEE):130-139,A,A-,A-,B+,A
306,Mainland,Others,Mainland Gaokao (JEE),Mainland Gaokao (JEE):>140,A-,A-,A,A-,A
307,Mainland,Others,Mainland Gaokao (JEE),Mainland Gaokao (JEE):120-129,A,B-,A-,B+,B-
325,Mainland,Others,Mainland Gaokao (JEE),Mainland Gaokao (JEE):>140,A-,B-,A-,B,B-
327,Mainland,Others,Mainland Gaokao (JEE),Mainland Gaokao (JEE):130-139,A,A,A,A-,A
329,Mainland,Others,Mainland Gaokao (JEE),Mainland Gaokao (JEE):130-139,A,B-,A-,A-,B-
330,Mainland,Others,Mainland Gaokao (JEE),Mainland Gaokao (JEE):130-139,B+,A,A,B-,A
331,Mainland,Others,Mainland Gaokao (JEE),Mainland Gaokao (JEE):>140,A,B+,A-,B-,B+
351,Mainland,Others,Mainland Gaokao (JEE),Mainland Gaokao (JEE):130-139,A-,C,A,A,C
355,Mainland,Others,Mainland Gaokao (JEE),Mainland Gaokao (JEE):130-139,A-,A,A,B,A
357,Mainland,Others,Mainland Gaokao (JEE),Mainland Gaokao (JEE):130-139,A,A,B+,A,A
365,Mainland,Others,Mainland Gaokao (JEE),Mainland Gaokao (JEE):>140,A-,B+,A,B+,B+
366,Mainland,Others,Mainland Gaokao (JEE),Mainland Gaokao (JEE):120-129,A-,A,A,C,A
367,Mainland,Others,Mainland Gaokao (JEE),Mainland Gaokao (JEE):130-139,A,A,A-,A,A
368,Mainland,Others,Mainland Gaokao (JEE),Mainland Gaokao (JEE):>140,A,A-,A,A,A
370,Mainland,Others,Mainland Gaokao (JEE),Mainland Gaokao (JEE):>140,A-,B+,A-,B+,B+
372,Mainland,Others,Mainland Gaokao (JEE),Mainland Gaokao (JEE):130-139,A-,A,A-,A,A
376,Mainland,Others,Mainland Gaokao (JEE),Mainland Gaokao (JEE):130-139,B+,B+,A-,A,B+
377,Mainland,Others,Mainland Gaokao (JEE),Mainland Gaokao (JEE):>140,A-,A-,A,A-,A
410,Mainland,Others,Mainland Gaokao (JEE),Mainland Gaokao (JEE):130-139,B+,B,A-,B+,B
412,Mainland,Others,Mainland Gaokao (JEE),Mainland Gaokao (JEE):<110,C-,B+,A-,A,B+
417,Mainland,Others,Mainland Gaokao (JEE),Mainland Gaokao (JEE):110-119,A-,A,B+,B+,A
451,Mainland,Others,Mainland Gaokao (JEE),Mainland Gaokao (JEE):120-129,A,A,A,A-,A
454,Mainland,Others,Mainland Gaokao (JEE),Mainland Gaokao (JEE):110-119,B+,A-,B+,B,A
459,Mainland,Others,Mainland Gaokao (JEE),Mainland Gaokao (JEE):110-119,A-,A,C-,B+,A
461,Mainland,Others,Mainland Gaokao (JEE),Mainland Gaokao (JEE):130-139,B,A-,A-,A,A
462,Mainland,Others,Mainland Gaokao (JEE),Mainland Gaokao (JEE):120-129,A,A,A,A,A
473,Mainland,Others,Mainland Gaokao (JEE),Mainland Gaokao (JEE):130-139,B-,C+,B,A-,C
475,Mainland,Others,Mainland Gaokao (JEE),Mainland Gaokao (JEE):120-129,A,A-,A-,A,A
551,Mainland,Others,Mainland Gaokao (JEE),Mainland Gaokao (JEE):120-129,B+,B+,B,A-,B+
553,Mainland,Others,Mainland Gaokao (JEE),Mainland Gaokao (JEE):130-139,A,A,A,A,A
561,Mainland,Others,Mainland Gaokao (JEE),Mainland Gaokao (JEE):120-129,B,A,B-,C+,A
562,Mainland,Others,Mainland Gaokao (JEE),Mainland Gaokao (JEE):130-139,B,A-,A,A,A
563,Mainland,Others,Mainland Gaokao (JEE),Mainland Gaokao (JEE):120-129,B+,A-,B+,B+,A
567,Mainland,Others,Mainland Gaokao (JEE),Mainland Gaokao (JEE):110-119,B,A,A,A,A
586,Mainland,Others,Mainland Gaokao (JEE),Mainland Gaokao (JEE):110-119,B,A-,B+,A,A
588,Mainland,Others,Mainland Gaokao (JEE),Mainland Gaokao (JEE):130-139,B,B-,B,A,B-
610,Mainland,Others,Mainland Gaokao (JEE),Mainland Gaokao (JEE):110-119,A-,B-,B+,A-,B-
623,Mainland,Others,Mainland Gaokao (JEE),Mainland Gaokao (JEE):130-139,B,B+,B+,A,B+
624,Mainland,Others,Mainland Gaokao (JEE),Mainland Gaokao (JEE):120-129,A-,A,B,A-,A
625,Mainland,Others,Mainland Gaokao (JEE),Mainland Gaokao (JEE):120-129,B-,A-,B,B-,A
631,Mainland,Others,Mainland Gaokao (JEE),Mainland Gaokao (JEE):130-139,A-,A,A-,B-,A
674,Mainland,Others,Mainland Gaokao (JEE),Mainland Gaokao (JEE):120-129,C+,B+,B,B+,B+
675,Mainland,Others,Mainland Gaokao (JEE),Mainland Gaokao (JEE):130-139,B+,B,A-,A,B
676,Mainland,Others,Mainland Gaokao (JEE),Mainland Gaokao (JEE):120-129,B-,B-,B-,A-,B-
714,Mainland,Others,Mainland Gaokao (JEE),Mainland Gaokao (JEE):120-129,B+,A,A-,A,A
715,Mainland,Others,Mainland Gaokao (JEE),Mainland Gaokao (JEE):130-139,B,B+,C+,B+,B+
719,Mainland,Others,Mainland Gaokao (JEE),Mainland Gaokao (JEE):120-129,D+,A-,B+,B,A
720,Mainland,Others,Mainland Gaokao (JEE),Mainland Gaokao (JEE):>140,A,B+,B-,B,B+
725,Mainland,Others,Mainland Gaokao (JEE),Mainland Gaokao (JEE):120-129,B+,A-,B+,A,A
729,Mainland,Others,Mainland Gaokao (JEE),Mainland Gaokao (JEE):130-139,A-,A,B,B+,A
740,Mainland,Others,Mainland Gaokao (JEE),Mainland Gaokao (JEE):120-129,B,A,D+,A-,A
741,Mainland,Others,Mainland Gaokao (JEE),Mainland Gaokao (JEE):130-139,C,A-,A,B+,A
742,Mainland,Others,Mainland Gaokao (JEE),Mainland Gaokao (JEE):130-139,A,A-,B,A-,A
743,Mainland,Others,Mainland Gaokao (JEE),Mainland Gaokao (JEE):130-139,A,A,A-,A-,A
744,Mainland,Others,Mainland Gaokao (JEE),Mainland Gaokao (JEE):130-139,A,B,B,A,B
747,Mainland Scholarship(Tuition),Others,Mainland Gaokao (JEE),Mainland Gaokao (JEE):110-119,B-,B,C,A,B
749,Mainland Scholarship(Tuition),Others,Mainland Gaokao (JEE),Mainland Gaokao (JEE):120-129,B+,A-,A,A-,A
750,Mainland Fee-paying,Others,Mainland Gaokao (JEE),Mainland Gaokao (JEE):120-129,C+,C,A,A,C
780,Mainland Fee-paying,Others,Mainland Gaokao (JEE),Mainland Gaokao (JEE):130-139,B+,A-,A,B,A
782,Mainland Fee-paying,Others,Mainland Gaokao (JEE),Mainland Gaokao (JEE):110-119,A-,A-,B-,B,A
784,Mainland Fee-paying,Others,Mainland Gaokao (JEE),Mainland Gaokao (JEE):120-129,A-,A-,B+,A-,A
785,Mainland Scholarship(Tuition),Others,Mainland Gaokao (JEE),Mainland Gaokao (JEE):120-129,B,C+,C+,C,C
787,Mainland Fee-paying,Others,Mainland Gaokao (JEE),Mainland Gaokao (JEE):110-119,A-,B+,B+,A-,B+
788,Mainland Fee-paying,Others,Mainland Gaokao (JEE),Mainland Gaokao (JEE):120-129,A,A,A-,A,A
828,Mainland Fee-paying,Others,Mainland Gaokao (JEE),Mainland Gaokao (JEE):130-139,A,A,A-,A-,A
830,Mainland Fee-paying,Others,Mainland Gaokao (JEE),Mainland Gaokao (JEE):<110,B+,A-,B,C+,A
831,Mainland Scholarship(Tuition),Others,Mainland Gaokao (JEE),Mainland Gaokao (JEE):>140,B+,A,A-,B+,A
833,Mainland Scholarship(Tuition),Others,Mainland Gaokao (JEE),Mainland Gaokao (JEE):130-139,B+,A,A,A,A
836,Mainland Fee-paying,Others,Mainland Gaokao (JEE),Mainland Gaokao (JEE):120-129,B,B,A,A,B
837,Mainland Fee-paying,Others,Mainland Gaokao (JEE),Mainland Gaokao (JEE):120-129,B-,A,B+,A-,A
841,Mainland Fee-paying,Others,Mainland Gaokao (JEE),Mainland Gaokao (JEE):110-119,A-,A,B+,A,A
851,Mainland Fee-paying,Others,Mainland Gaokao (JEE),Mainland Gaokao (JEE):130-139,B+,A,B+,A,A
854,Mainland Fee-paying,Others,Mainland Gaokao (JEE),Mainland Gaokao (JEE):130-139,B,B+,B,B,B+
855,Mainland Fee-paying,Others,Mainland Gaokao (JEE),Mainland Gaokao (JEE):>140,B,A,B-,A,A
857,Mainland Fee-paying,Others,Mainland Gaokao (JEE),Mainland Gaokao (JEE):130-139,B,B,A-,A,B
867,Mainland Fee-paying,Others,Mainland Gaokao (JEE),Mainland Gaokao (JEE):130-139,A-,B+,B+,A,B+
923,Mainland Fee-paying,Others,Mainland Gaokao (JEE),Mainland Gaokao (JEE):120-129,B+,A-,B,B,A
926,Mainland Fee-paying,Others,Mainland Gaokao (JEE),Mainland Gaokao (JEE):>140,B-,B,B,A,B
927,Mainland Fee-paying,Others,Mainland Gaokao (JEE),Mainland Gaokao (JEE):<110,C+,B,B,B,B
929,Mainland Fee-paying,Others,Mainland Gaokao (JEE),Mainland Gaokao (JEE):120-129,A-,B+,A-,B+,B+
936,Mainland Fee-paying,Others,Mainland Gaokao (JEE),Mainland Gaokao (JEE):130-139,B-,B-,B+,A-,B-
937,Mainland Fee-paying,Others,Mainland Gaokao (JEE),Mainland Gaokao (JEE):110-119,B,B,B-,B,B
939,Mainland Fee-paying,Others,Mainland Gaokao (JEE),Mainland Gaokao (JEE):130-139,A-,B+,C+,B+,B+
941,Mainland Scholarship(Tuition),Others,Mainland Gaokao (JEE),Mainland Gaokao (JEE):>140,B+,A-,A-,B+,A
950,Mainland Fee-paying,Others,Mainland Gaokao (JEE),Mainland Gaokao (JEE):130-139,A-,B,B-,B-,B
953,Mainland Fee-paying,Others,Mainland Gaokao (JEE),Mainland Gaokao (JEE):120-129,A-,A-,B,B,A
955,Mainland Fee-paying,Others,Mainland Gaokao (JEE),Mainland Gaokao (JEE):130-139,A,B,A-,B+,B
973,Mainland Scholarship(Tuition),Others,Mainland Gaokao (JEE),Mainland Gaokao (JEE):110-119,A,B,B+,A-,B
976,Mainland Fee-paying,Others,Mainland Gaokao (JEE),Mainland Gaokao (JEE):120-129,B-,C+,A-,B,C
983,Mainland Fee-paying,Others,Mainland Gaokao (JEE),Mainland Gaokao (JEE):110-119,B+,A,A,A-,A
993,Mainland Fee-paying,Others,Mainland Gaokao (JEE),Mainland Gaokao (JEE):120-129,A,A-,A,B+,A
997,Mainland Fee-paying,Others,Mainland Gaokao (JEE),Mainland Gaokao (JEE):120-129,B-,C,A,B,C
1024,Mainland Scholarship(Tuition),Others,Mainland Gaokao (JEE),Mainland Gaokao (JEE):130-139,B,A,B-,C+,A
1026,Mainland Fee-paying,Others,Mainland Gaokao (JEE),Mainland Gaokao (JEE):130-139,C+,B,B+,A,B
1027,Mainland Fee-paying,Others,Mainland Gaokao (JEE),Mainland Gaokao (JEE):120-129,B,B+,A,A-,B+
1028,Mainland Scholarship(Tuition),Others,Mainland Gaokao (JEE),Mainland Gaokao (JEE):130-139,A,A,B-,C,A
1031,Mainland Fee-paying,Others,Mainland Gaokao (JEE),Mainland Gaokao (JEE):120-129,A-,A,B,A,A
1055,Mainland Scholarship(Tuition),Others,Mainland Gaokao (JEE),Mainland Gaokao (JEE):130-139,B-,F,C+,B,F
1056,Mainland Fee-paying,Others,Mainland Gaokao (JEE),Mainland Gaokao (JEE):110-119,A-,A,B,B+,A
1059,Mainland Fee-paying,Others,Mainland Gaokao (JEE),Mainland Gaokao (JEE):>140,A-,A,A,A-,A
1060,Mainland Scholarship(Tuition),Others,Mainland Gaokao (JEE),Mainland Gaokao (JEE):130-139,A,A,A,A,A
1061,Mainland Fee-paying,Others,Mainland Gaokao (JEE),Mainland Gaokao (JEE):120-129,B+,A-,B-,F,A
1067,Mainland Fee-paying,Others,Mainland Gaokao (JEE),Mainland Gaokao (JEE):110-119,B+,A-,A-,A,A
1072,Mainland Scholarship(Tuition),Others,Mainland Gaokao (JEE),Mainland Gaokao (JEE):120-129,B,A,A-,A,A
1085,Mainland Fee-paying,Others,Mainland Gaokao (JEE),Mainland Gaokao (JEE):<110,A-,A,A,A,A
1087,Mainland Fee-paying,Others,Mainland Gaokao (JEE),Mainland Gaokao (JEE):<110,B-,B,B+,A,B
1089,Mainland Fee-paying,Others,Mainland Gaokao (JEE),Mainland Gaokao (JEE):130-139,B+,A-,B+,A-,A
1092,Mainland Fee-paying,Others,Mainland Gaokao (JEE),Mainland Gaokao (JEE):120-129,B,B+,B,A,B+
1093,Mainland Scholarship(Tuition),Others,Mainland Gaokao (JEE),Mainland Gaokao (JEE):>140,B+,A-,A-,A,A
1094,Mainland Fee-paying,Others,Mainland Gaokao (JEE),Mainland Gaokao (JEE):120-129,A,A,B-,B,A
1095,Mainland Fee-paying,Others,Mainland Gaokao (JEE),Mainland Gaokao (JEE):120-129,C+,B-,B,A-,B-
